[2025-07-18 00:58:43] local.ERROR: There are no commands defined in the "breeze" namespace. {"exception":"[object] (Symfony\\Component\\Console\\Exception\\NamespaceNotFoundException(code: 0): There are no commands defined in the \"breeze\" namespace. at C:\\Users\\theyu\\Marco-carrasco-prueba-Jr\\prueba-tecnica\\vendor\\symfony\\console\\Application.php:659)
[stacktrace]
#0 C:\\Users\\theyu\\Marco-carrasco-prueba-Jr\\prueba-tecnica\\vendor\\symfony\\console\\Application.php(708): Symfony\\Component\\Console\\Application->findNamespace('breeze')
#1 C:\\Users\\theyu\\Marco-carrasco-prueba-Jr\\prueba-tecnica\\vendor\\symfony\\console\\Application.php(283): Symfony\\Component\\Console\\Application->find('breeze:install')
#2 C:\\Users\\theyu\\Marco-carrasco-prueba-Jr\\prueba-tecnica\\vendor\\symfony\\console\\Application.php(192): Symfony\\Component\\Console\\Application->doRun(Object(Symfony\\Component\\Console\\Input\\ArgvInput), Object(Symfony\\Component\\Console\\Output\\ConsoleOutput))
#3 C:\\Users\\theyu\\Marco-carrasco-prueba-Jr\\prueba-tecnica\\vendor\\laravel\\framework\\src\\Illuminate\\Foundation\\Console\\Kernel.php(197): Symfony\\Component\\Console\\Application->run(Object(Symfony\\Component\\Console\\Input\\ArgvInput), Object(Symfony\\Component\\Console\\Output\\ConsoleOutput))
#4 C:\\Users\\theyu\\Marco-carrasco-prueba-Jr\\prueba-tecnica\\vendor\\laravel\\framework\\src\\Illuminate\\Foundation\\Application.php(1234): Illuminate\\Foundation\\Console\\Kernel->handle(Object(Symfony\\Component\\Console\\Input\\ArgvInput), Object(Symfony\\Component\\Console\\Output\\ConsoleOutput))
#5 C:\\Users\\theyu\\Marco-carrasco-prueba-Jr\\prueba-tecnica\\artisan(16): Illuminate\\Foundation\\Application->handleCommand(Object(Symfony\\Component\\Console\\Input\\ArgvInput))
#6 {main}
"} 
[2025-07-18 00:59:38] local.ERROR: There are no commands defined in the "breeze" namespace. {"exception":"[object] (Symfony\\Component\\Console\\Exception\\NamespaceNotFoundException(code: 0): There are no commands defined in the \"breeze\" namespace. at C:\\Users\\theyu\\Marco-carrasco-prueba-Jr\\prueba-tecnica\\vendor\\symfony\\console\\Application.php:659)
[stacktrace]
#0 C:\\Users\\theyu\\Marco-carrasco-prueba-Jr\\prueba-tecnica\\vendor\\symfony\\console\\Application.php(708): Symfony\\Component\\Console\\Application->findNamespace('breeze')
#1 C:\\Users\\theyu\\Marco-carrasco-prueba-Jr\\prueba-tecnica\\vendor\\symfony\\console\\Application.php(283): Symfony\\Component\\Console\\Application->find('breeze:install')
#2 C:\\Users\\theyu\\Marco-carrasco-prueba-Jr\\prueba-tecnica\\vendor\\symfony\\console\\Application.php(192): Symfony\\Component\\Console\\Application->doRun(Object(Symfony\\Component\\Console\\Input\\ArgvInput), Object(Symfony\\Component\\Console\\Output\\ConsoleOutput))
#3 C:\\Users\\theyu\\Marco-carrasco-prueba-Jr\\prueba-tecnica\\vendor\\laravel\\framework\\src\\Illuminate\\Foundation\\Console\\Kernel.php(197): Symfony\\Component\\Console\\Application->run(Object(Symfony\\Component\\Console\\Input\\ArgvInput), Object(Symfony\\Component\\Console\\Output\\ConsoleOutput))
#4 C:\\Users\\theyu\\Marco-carrasco-prueba-Jr\\prueba-tecnica\\vendor\\laravel\\framework\\src\\Illuminate\\Foundation\\Application.php(1234): Illuminate\\Foundation\\Console\\Kernel->handle(Object(Symfony\\Component\\Console\\Input\\ArgvInput), Object(Symfony\\Component\\Console\\Output\\ConsoleOutput))
#5 C:\\Users\\theyu\\Marco-carrasco-prueba-Jr\\prueba-tecnica\\artisan(16): Illuminate\\Foundation\\Application->handleCommand(Object(Symfony\\Component\\Console\\Input\\ArgvInput))
#6 {main}
"} 
[2025-07-18 01:01:42] local.ERROR: There are no commands defined in the "breeze" namespace. {"exception":"[object] (Symfony\\Component\\Console\\Exception\\NamespaceNotFoundException(code: 0): There are no commands defined in the \"breeze\" namespace. at C:\\Users\\theyu\\Marco-carrasco-prueba-Jr\\prueba-tecnica\\vendor\\symfony\\console\\Application.php:659)
[stacktrace]
#0 C:\\Users\\theyu\\Marco-carrasco-prueba-Jr\\prueba-tecnica\\vendor\\symfony\\console\\Application.php(708): Symfony\\Component\\Console\\Application->findNamespace('breeze')
#1 C:\\Users\\theyu\\Marco-carrasco-prueba-Jr\\prueba-tecnica\\vendor\\symfony\\console\\Application.php(283): Symfony\\Component\\Console\\Application->find('breeze:install')
#2 C:\\Users\\theyu\\Marco-carrasco-prueba-Jr\\prueba-tecnica\\vendor\\symfony\\console\\Application.php(192): Symfony\\Component\\Console\\Application->doRun(Object(Symfony\\Component\\Console\\Input\\ArgvInput), Object(Symfony\\Component\\Console\\Output\\ConsoleOutput))
#3 C:\\Users\\theyu\\Marco-carrasco-prueba-Jr\\prueba-tecnica\\vendor\\laravel\\framework\\src\\Illuminate\\Foundation\\Console\\Kernel.php(197): Symfony\\Component\\Console\\Application->run(Object(Symfony\\Component\\Console\\Input\\ArgvInput), Object(Symfony\\Component\\Console\\Output\\ConsoleOutput))
#4 C:\\Users\\theyu\\Marco-carrasco-prueba-Jr\\prueba-tecnica\\vendor\\laravel\\framework\\src\\Illuminate\\Foundation\\Application.php(1234): Illuminate\\Foundation\\Console\\Kernel->handle(Object(Symfony\\Component\\Console\\Input\\ArgvInput), Object(Symfony\\Component\\Console\\Output\\ConsoleOutput))
#5 C:\\Users\\theyu\\Marco-carrasco-prueba-Jr\\prueba-tecnica\\artisan(16): Illuminate\\Foundation\\Application->handleCommand(Object(Symfony\\Component\\Console\\Input\\ArgvInput))
#6 {main}
"} 
[2025-07-18 01:04:04] local.ERROR: There are no commands defined in the "breeze" namespace. {"exception":"[object] (Symfony\\Component\\Console\\Exception\\NamespaceNotFoundException(code: 0): There are no commands defined in the \"breeze\" namespace. at C:\\Users\\theyu\\Marco-carrasco-prueba-Jr\\prueba-tecnica\\vendor\\symfony\\console\\Application.php:659)
[stacktrace]
#0 C:\\Users\\theyu\\Marco-carrasco-prueba-Jr\\prueba-tecnica\\vendor\\symfony\\console\\Application.php(708): Symfony\\Component\\Console\\Application->findNamespace('breeze')
#1 C:\\Users\\theyu\\Marco-carrasco-prueba-Jr\\prueba-tecnica\\vendor\\symfony\\console\\Application.php(283): Symfony\\Component\\Console\\Application->find('breeze:install')
#2 C:\\Users\\theyu\\Marco-carrasco-prueba-Jr\\prueba-tecnica\\vendor\\symfony\\console\\Application.php(192): Symfony\\Component\\Console\\Application->doRun(Object(Symfony\\Component\\Console\\Input\\ArgvInput), Object(Symfony\\Component\\Console\\Output\\ConsoleOutput))
#3 C:\\Users\\theyu\\Marco-carrasco-prueba-Jr\\prueba-tecnica\\vendor\\laravel\\framework\\src\\Illuminate\\Foundation\\Console\\Kernel.php(197): Symfony\\Component\\Console\\Application->run(Object(Symfony\\Component\\Console\\Input\\ArgvInput), Object(Symfony\\Component\\Console\\Output\\ConsoleOutput))
#4 C:\\Users\\theyu\\Marco-carrasco-prueba-Jr\\prueba-tecnica\\vendor\\laravel\\framework\\src\\Illuminate\\Foundation\\Application.php(1234): Illuminate\\Foundation\\Console\\Kernel->handle(Object(Symfony\\Component\\Console\\Input\\ArgvInput), Object(Symfony\\Component\\Console\\Output\\ConsoleOutput))
#5 C:\\Users\\theyu\\Marco-carrasco-prueba-Jr\\prueba-tecnica\\artisan(16): Illuminate\\Foundation\\Application->handleCommand(Object(Symfony\\Component\\Console\\Input\\ArgvInput))
#6 {main}
"} 
[2025-07-18 01:05:09] local.ERROR: There are no commands defined in the "breeze" namespace. {"exception":"[object] (Symfony\\Component\\Console\\Exception\\NamespaceNotFoundException(code: 0): There are no commands defined in the \"breeze\" namespace. at C:\\Users\\theyu\\Marco-carrasco-prueba-Jr\\prueba-tecnica\\vendor\\symfony\\console\\Application.php:659)
[stacktrace]
#0 C:\\Users\\theyu\\Marco-carrasco-prueba-Jr\\prueba-tecnica\\vendor\\symfony\\console\\Application.php(708): Symfony\\Component\\Console\\Application->findNamespace('breeze')
#1 C:\\Users\\theyu\\Marco-carrasco-prueba-Jr\\prueba-tecnica\\vendor\\symfony\\console\\Application.php(283): Symfony\\Component\\Console\\Application->find('breeze:install')
#2 C:\\Users\\theyu\\Marco-carrasco-prueba-Jr\\prueba-tecnica\\vendor\\symfony\\console\\Application.php(192): Symfony\\Component\\Console\\Application->doRun(Object(Symfony\\Component\\Console\\Input\\ArgvInput), Object(Symfony\\Component\\Console\\Output\\ConsoleOutput))
#3 C:\\Users\\theyu\\Marco-carrasco-prueba-Jr\\prueba-tecnica\\vendor\\laravel\\framework\\src\\Illuminate\\Foundation\\Console\\Kernel.php(197): Symfony\\Component\\Console\\Application->run(Object(Symfony\\Component\\Console\\Input\\ArgvInput), Object(Symfony\\Component\\Console\\Output\\ConsoleOutput))
#4 C:\\Users\\theyu\\Marco-carrasco-prueba-Jr\\prueba-tecnica\\vendor\\laravel\\framework\\src\\Illuminate\\Foundation\\Application.php(1234): Illuminate\\Foundation\\Console\\Kernel->handle(Object(Symfony\\Component\\Console\\Input\\ArgvInput), Object(Symfony\\Component\\Console\\Output\\ConsoleOutput))
#5 C:\\Users\\theyu\\Marco-carrasco-prueba-Jr\\prueba-tecnica\\artisan(16): Illuminate\\Foundation\\Application->handleCommand(Object(Symfony\\Component\\Console\\Input\\ArgvInput))
#6 {main}
"} 
[2025-07-18 03:46:20] local.ERROR: SQLSTATE[23000]: Integrity constraint violation: 19 UNIQUE constraint failed: users.email (Connection: sqlite, SQL: insert into "users" ("name", "email", "email_verified_at", "password", "remember_token", "updated_at", "created_at") values (Test User, test@example.com, 2025-07-18 03:46:20, $2y$12$f4tTQ5H/u7WIUVmxy.OzEekdG0k5R2XCuLXuV3EkAAgcXWLv6i7eu, xFDYF6jNKL, 2025-07-18 03:46:20, 2025-07-18 03:46:20)) {"exception":"[object] (Illuminate\\Database\\UniqueConstraintViolationException(code: 23000): SQLSTATE[23000]: Integrity constraint violation: 19 UNIQUE constraint failed: users.email (Connection: sqlite, SQL: insert into \"users\" (\"name\", \"email\", \"email_verified_at\", \"password\", \"remember_token\", \"updated_at\", \"created_at\") values (Test User, test@example.com, 2025-07-18 03:46:20, $2y$12$f4tTQ5H/u7WIUVmxy.OzEekdG0k5R2XCuLXuV3EkAAgcXWLv6i7eu, xFDYF6jNKL, 2025-07-18 03:46:20, 2025-07-18 03:46:20)) at C:\\Users\\theyu\\Marco-carrasco-prueba-Jr\\prueba-tecnica\\vendor\\laravel\\framework\\src\\Illuminate\\Database\\Connection.php:817)
[stacktrace]
#0 C:\\Users\\theyu\\Marco-carrasco-prueba-Jr\\prueba-tecnica\\vendor\\laravel\\framework\\src\\Illuminate\\Database\\Connection.php(776): Illuminate\\Database\\Connection->runQueryCallback('insert into \"us...', Array, Object(Closure))
#1 C:\\Users\\theyu\\Marco-carrasco-prueba-Jr\\prueba-tecnica\\vendor\\laravel\\framework\\src\\Illuminate\\Database\\Connection.php(557): Illuminate\\Database\\Connection->run('insert into \"us...', Array, Object(Closure))
#2 C:\\Users\\theyu\\Marco-carrasco-prueba-Jr\\prueba-tecnica\\vendor\\laravel\\framework\\src\\Illuminate\\Database\\Connection.php(521): Illuminate\\Database\\Connection->statement('insert into \"us...', Array)
#3 C:\\Users\\theyu\\Marco-carrasco-prueba-Jr\\prueba-tecnica\\vendor\\laravel\\framework\\src\\Illuminate\\Database\\Query\\Processors\\Processor.php(32): Illuminate\\Database\\Connection->insert('insert into \"us...', Array)
#4 C:\\Users\\theyu\\Marco-carrasco-prueba-Jr\\prueba-tecnica\\vendor\\laravel\\framework\\src\\Illuminate\\Database\\Query\\Builder.php(3796): Illuminate\\Database\\Query\\Processors\\Processor->processInsertGetId(Object(Illuminate\\Database\\Query\\Builder), 'insert into \"us...', Array, 'id')
#5 C:\\Users\\theyu\\Marco-carrasco-prueba-Jr\\prueba-tecnica\\vendor\\laravel\\framework\\src\\Illuminate\\Database\\Eloquent\\Builder.php(2205): Illuminate\\Database\\Query\\Builder->insertGetId(Array, 'id')
#6 C:\\Users\\theyu\\Marco-carrasco-prueba-Jr\\prueba-tecnica\\vendor\\laravel\\framework\\src\\Illuminate\\Database\\Eloquent\\Model.php(1431): Illuminate\\Database\\Eloquent\\Builder->__call('insertGetId', Array)
#7 C:\\Users\\theyu\\Marco-carrasco-prueba-Jr\\prueba-tecnica\\vendor\\laravel\\framework\\src\\Illuminate\\Database\\Eloquent\\Model.php(1396): Illuminate\\Database\\Eloquent\\Model->insertAndSetId(Object(Illuminate\\Database\\Eloquent\\Builder), Array)
#8 C:\\Users\\theyu\\Marco-carrasco-prueba-Jr\\prueba-tecnica\\vendor\\laravel\\framework\\src\\Illuminate\\Database\\Eloquent\\Model.php(1235): Illuminate\\Database\\Eloquent\\Model->performInsert(Object(Illuminate\\Database\\Eloquent\\Builder))
#9 C:\\Users\\theyu\\Marco-carrasco-prueba-Jr\\prueba-tecnica\\vendor\\laravel\\framework\\src\\Illuminate\\Database\\Eloquent\\Factories\\Factory.php(350): Illuminate\\Database\\Eloquent\\Model->save()
#10 C:\\Users\\theyu\\Marco-carrasco-prueba-Jr\\prueba-tecnica\\vendor\\laravel\\framework\\src\\Illuminate\\Collections\\Traits\\EnumeratesValues.php(271): Illuminate\\Database\\Eloquent\\Factories\\Factory->Illuminate\\Database\\Eloquent\\Factories\\{closure}(Object(App\\Models\\User), 0)
#11 C:\\Users\\theyu\\Marco-carrasco-prueba-Jr\\prueba-tecnica\\vendor\\laravel\\framework\\src\\Illuminate\\Database\\Eloquent\\Factories\\Factory.php(345): Illuminate\\Support\\Collection->each(Object(Closure))
#12 C:\\Users\\theyu\\Marco-carrasco-prueba-Jr\\prueba-tecnica\\vendor\\laravel\\framework\\src\\Illuminate\\Database\\Eloquent\\Factories\\Factory.php(301): Illuminate\\Database\\Eloquent\\Factories\\Factory->store(Object(Illuminate\\Support\\Collection))
#13 C:\\Users\\theyu\\Marco-carrasco-prueba-Jr\\prueba-tecnica\\vendor\\laravel\\framework\\src\\Illuminate\\Database\\Eloquent\\Factories\\Factory.php(295): Illuminate\\Database\\Eloquent\\Factories\\Factory->create(Array, NULL)
#14 C:\\Users\\theyu\\Marco-carrasco-prueba-Jr\\prueba-tecnica\\database\\seeders\\DatabaseSeeder.php(20): Illuminate\\Database\\Eloquent\\Factories\\Factory->create(Array)
#15 C:\\Users\\theyu\\Marco-carrasco-prueba-Jr\\prueba-tecnica\\vendor\\laravel\\framework\\src\\Illuminate\\Container\\BoundMethod.php(36): Database\\Seeders\\DatabaseSeeder->run()
#16 C:\\Users\\theyu\\Marco-carrasco-prueba-Jr\\prueba-tecnica\\vendor\\laravel\\framework\\src\\Illuminate\\Container\\Util.php(43): Illuminate\\Container\\BoundMethod::Illuminate\\Container\\{closure}()
#17 C:\\Users\\theyu\\Marco-carrasco-prueba-Jr\\prueba-tecnica\\vendor\\laravel\\framework\\src\\Illuminate\\Container\\BoundMethod.php(96): Illuminate\\Container\\Util::unwrapIfClosure(Object(Closure))
#18 C:\\Users\\theyu\\Marco-carrasco-prueba-Jr\\prueba-tecnica\\vendor\\laravel\\framework\\src\\Illuminate\\Container\\BoundMethod.php(35): Illuminate\\Container\\BoundMethod::callBoundMethod(Object(Illuminate\\Foundation\\Application), Array, Object(Closure))
#19 C:\\Users\\theyu\\Marco-carrasco-prueba-Jr\\prueba-tecnica\\vendor\\laravel\\framework\\src\\Illuminate\\Container\\Container.php(754): Illuminate\\Container\\BoundMethod::call(Object(Illuminate\\Foundation\\Application), Array, Array, NULL)
#20 C:\\Users\\theyu\\Marco-carrasco-prueba-Jr\\prueba-tecnica\\vendor\\laravel\\framework\\src\\Illuminate\\Database\\Seeder.php(188): Illuminate\\Container\\Container->call(Array, Array)
#21 C:\\Users\\theyu\\Marco-carrasco-prueba-Jr\\prueba-tecnica\\vendor\\laravel\\framework\\src\\Illuminate\\Database\\Seeder.php(197): Illuminate\\Database\\Seeder->Illuminate\\Database\\{closure}()
#22 C:\\Users\\theyu\\Marco-carrasco-prueba-Jr\\prueba-tecnica\\vendor\\laravel\\framework\\src\\Illuminate\\Database\\Console\\Seeds\\SeedCommand.php(71): Illuminate\\Database\\Seeder->__invoke()
#23 C:\\Users\\theyu\\Marco-carrasco-prueba-Jr\\prueba-tecnica\\vendor\\laravel\\framework\\src\\Illuminate\\Database\\Eloquent\\Concerns\\GuardsAttributes.php(157): Illuminate\\Database\\Console\\Seeds\\SeedCommand->Illuminate\\Database\\Console\\Seeds\\{closure}()
#24 C:\\Users\\theyu\\Marco-carrasco-prueba-Jr\\prueba-tecnica\\vendor\\laravel\\framework\\src\\Illuminate\\Database\\Console\\Seeds\\SeedCommand.php(70): Illuminate\\Database\\Eloquent\\Model::unguarded(Object(Closure))
#25 C:\\Users\\theyu\\Marco-carrasco-prueba-Jr\\prueba-tecnica\\vendor\\laravel\\framework\\src\\Illuminate\\Container\\BoundMethod.php(36): Illuminate\\Database\\Console\\Seeds\\SeedCommand->handle()
#26 C:\\Users\\theyu\\Marco-carrasco-prueba-Jr\\prueba-tecnica\\vendor\\laravel\\framework\\src\\Illuminate\\Container\\Util.php(43): Illuminate\\Container\\BoundMethod::Illuminate\\Container\\{closure}()
#27 C:\\Users\\theyu\\Marco-carrasco-prueba-Jr\\prueba-tecnica\\vendor\\laravel\\framework\\src\\Illuminate\\Container\\BoundMethod.php(96): Illuminate\\Container\\Util::unwrapIfClosure(Object(Closure))
#28 C:\\Users\\theyu\\Marco-carrasco-prueba-Jr\\prueba-tecnica\\vendor\\laravel\\framework\\src\\Illuminate\\Container\\BoundMethod.php(35): Illuminate\\Container\\BoundMethod::callBoundMethod(Object(Illuminate\\Foundation\\Application), Array, Object(Closure))
#29 C:\\Users\\theyu\\Marco-carrasco-prueba-Jr\\prueba-tecnica\\vendor\\laravel\\framework\\src\\Illuminate\\Container\\Container.php(754): Illuminate\\Container\\BoundMethod::call(Object(Illuminate\\Foundation\\Application), Array, Array, NULL)
#30 C:\\Users\\theyu\\Marco-carrasco-prueba-Jr\\prueba-tecnica\\vendor\\laravel\\framework\\src\\Illuminate\\Console\\Command.php(211): Illuminate\\Container\\Container->call(Array)
#31 C:\\Users\\theyu\\Marco-carrasco-prueba-Jr\\prueba-tecnica\\vendor\\symfony\\console\\Command\\Command.php(318): Illuminate\\Console\\Command->execute(Object(Symfony\\Component\\Console\\Input\\ArgvInput), Object(Illuminate\\Console\\OutputStyle))
#32 C:\\Users\\theyu\\Marco-carrasco-prueba-Jr\\prueba-tecnica\\vendor\\laravel\\framework\\src\\Illuminate\\Console\\Command.php(180): Symfony\\Component\\Console\\Command\\Command->run(Object(Symfony\\Component\\Console\\Input\\ArgvInput), Object(Illuminate\\Console\\OutputStyle))
#33 C:\\Users\\theyu\\Marco-carrasco-prueba-Jr\\prueba-tecnica\\vendor\\symfony\\console\\Application.php(1092): Illuminate\\Console\\Command->run(Object(Symfony\\Component\\Console\\Input\\ArgvInput), Object(Symfony\\Component\\Console\\Output\\ConsoleOutput))
#34 C:\\Users\\theyu\\Marco-carrasco-prueba-Jr\\prueba-tecnica\\vendor\\symfony\\console\\Application.php(341): Symfony\\Component\\Console\\Application->doRunCommand(Object(Illuminate\\Database\\Console\\Seeds\\SeedCommand), Object(Symfony\\Component\\Console\\Input\\ArgvInput), Object(Symfony\\Component\\Console\\Output\\ConsoleOutput))
#35 C:\\Users\\theyu\\Marco-carrasco-prueba-Jr\\prueba-tecnica\\vendor\\symfony\\console\\Application.php(192): Symfony\\Component\\Console\\Application->doRun(Object(Symfony\\Component\\Console\\Input\\ArgvInput), Object(Symfony\\Component\\Console\\Output\\ConsoleOutput))
#36 C:\\Users\\theyu\\Marco-carrasco-prueba-Jr\\prueba-tecnica\\vendor\\laravel\\framework\\src\\Illuminate\\Foundation\\Console\\Kernel.php(197): Symfony\\Component\\Console\\Application->run(Object(Symfony\\Component\\Console\\Input\\ArgvInput), Object(Symfony\\Component\\Console\\Output\\ConsoleOutput))
#37 C:\\Users\\theyu\\Marco-carrasco-prueba-Jr\\prueba-tecnica\\vendor\\laravel\\framework\\src\\Illuminate\\Foundation\\Application.php(1234): Illuminate\\Foundation\\Console\\Kernel->handle(Object(Symfony\\Component\\Console\\Input\\ArgvInput), Object(Symfony\\Component\\Console\\Output\\ConsoleOutput))
#38 C:\\Users\\theyu\\Marco-carrasco-prueba-Jr\\prueba-tecnica\\artisan(16): Illuminate\\Foundation\\Application->handleCommand(Object(Symfony\\Component\\Console\\Input\\ArgvInput))
#39 {main}

[previous exception] [object] (PDOException(code: 23000): SQLSTATE[23000]: Integrity constraint violation: 19 UNIQUE constraint failed: users.email at C:\\Users\\theyu\\Marco-carrasco-prueba-Jr\\prueba-tecnica\\vendor\\laravel\\framework\\src\\Illuminate\\Database\\Connection.php:568)
[stacktrace]
#0 C:\\Users\\theyu\\Marco-carrasco-prueba-Jr\\prueba-tecnica\\vendor\\laravel\\framework\\src\\Illuminate\\Database\\Connection.php(568): PDOStatement->execute()
#1 C:\\Users\\theyu\\Marco-carrasco-prueba-Jr\\prueba-tecnica\\vendor\\laravel\\framework\\src\\Illuminate\\Database\\Connection.php(809): Illuminate\\Database\\Connection->Illuminate\\Database\\{closure}('insert into \"us...', Array)
#2 C:\\Users\\theyu\\Marco-carrasco-prueba-Jr\\prueba-tecnica\\vendor\\laravel\\framework\\src\\Illuminate\\Database\\Connection.php(776): Illuminate\\Database\\Connection->runQueryCallback('insert into \"us...', Array, Object(Closure))
#3 C:\\Users\\theyu\\Marco-carrasco-prueba-Jr\\prueba-tecnica\\vendor\\laravel\\framework\\src\\Illuminate\\Database\\Connection.php(557): Illuminate\\Database\\Connection->run('insert into \"us...', Array, Object(Closure))
#4 C:\\Users\\theyu\\Marco-carrasco-prueba-Jr\\prueba-tecnica\\vendor\\laravel\\framework\\src\\Illuminate\\Database\\Connection.php(521): Illuminate\\Database\\Connection->statement('insert into \"us...', Array)
#5 C:\\Users\\theyu\\Marco-carrasco-prueba-Jr\\prueba-tecnica\\vendor\\laravel\\framework\\src\\Illuminate\\Database\\Query\\Processors\\Processor.php(32): Illuminate\\Database\\Connection->insert('insert into \"us...', Array)
#6 C:\\Users\\theyu\\Marco-carrasco-prueba-Jr\\prueba-tecnica\\vendor\\laravel\\framework\\src\\Illuminate\\Database\\Query\\Builder.php(3796): Illuminate\\Database\\Query\\Processors\\Processor->processInsertGetId(Object(Illuminate\\Database\\Query\\Builder), 'insert into \"us...', Array, 'id')
#7 C:\\Users\\theyu\\Marco-carrasco-prueba-Jr\\prueba-tecnica\\vendor\\laravel\\framework\\src\\Illuminate\\Database\\Eloquent\\Builder.php(2205): Illuminate\\Database\\Query\\Builder->insertGetId(Array, 'id')
#8 C:\\Users\\theyu\\Marco-carrasco-prueba-Jr\\prueba-tecnica\\vendor\\laravel\\framework\\src\\Illuminate\\Database\\Eloquent\\Model.php(1431): Illuminate\\Database\\Eloquent\\Builder->__call('insertGetId', Array)
#9 C:\\Users\\theyu\\Marco-carrasco-prueba-Jr\\prueba-tecnica\\vendor\\laravel\\framework\\src\\Illuminate\\Database\\Eloquent\\Model.php(1396): Illuminate\\Database\\Eloquent\\Model->insertAndSetId(Object(Illuminate\\Database\\Eloquent\\Builder), Array)
#10 C:\\Users\\theyu\\Marco-carrasco-prueba-Jr\\prueba-tecnica\\vendor\\laravel\\framework\\src\\Illuminate\\Database\\Eloquent\\Model.php(1235): Illuminate\\Database\\Eloquent\\Model->performInsert(Object(Illuminate\\Database\\Eloquent\\Builder))
#11 C:\\Users\\theyu\\Marco-carrasco-prueba-Jr\\prueba-tecnica\\vendor\\laravel\\framework\\src\\Illuminate\\Database\\Eloquent\\Factories\\Factory.php(350): Illuminate\\Database\\Eloquent\\Model->save()
#12 C:\\Users\\theyu\\Marco-carrasco-prueba-Jr\\prueba-tecnica\\vendor\\laravel\\framework\\src\\Illuminate\\Collections\\Traits\\EnumeratesValues.php(271): Illuminate\\Database\\Eloquent\\Factories\\Factory->Illuminate\\Database\\Eloquent\\Factories\\{closure}(Object(App\\Models\\User), 0)
#13 C:\\Users\\theyu\\Marco-carrasco-prueba-Jr\\prueba-tecnica\\vendor\\laravel\\framework\\src\\Illuminate\\Database\\Eloquent\\Factories\\Factory.php(345): Illuminate\\Support\\Collection->each(Object(Closure))
#14 C:\\Users\\theyu\\Marco-carrasco-prueba-Jr\\prueba-tecnica\\vendor\\laravel\\framework\\src\\Illuminate\\Database\\Eloquent\\Factories\\Factory.php(301): Illuminate\\Database\\Eloquent\\Factories\\Factory->store(Object(Illuminate\\Support\\Collection))
#15 C:\\Users\\theyu\\Marco-carrasco-prueba-Jr\\prueba-tecnica\\vendor\\laravel\\framework\\src\\Illuminate\\Database\\Eloquent\\Factories\\Factory.php(295): Illuminate\\Database\\Eloquent\\Factories\\Factory->create(Array, NULL)
#16 C:\\Users\\theyu\\Marco-carrasco-prueba-Jr\\prueba-tecnica\\database\\seeders\\DatabaseSeeder.php(20): Illuminate\\Database\\Eloquent\\Factories\\Factory->create(Array)
#17 C:\\Users\\theyu\\Marco-carrasco-prueba-Jr\\prueba-tecnica\\vendor\\laravel\\framework\\src\\Illuminate\\Container\\BoundMethod.php(36): Database\\Seeders\\DatabaseSeeder->run()
#18 C:\\Users\\theyu\\Marco-carrasco-prueba-Jr\\prueba-tecnica\\vendor\\laravel\\framework\\src\\Illuminate\\Container\\Util.php(43): Illuminate\\Container\\BoundMethod::Illuminate\\Container\\{closure}()
#19 C:\\Users\\theyu\\Marco-carrasco-prueba-Jr\\prueba-tecnica\\vendor\\laravel\\framework\\src\\Illuminate\\Container\\BoundMethod.php(96): Illuminate\\Container\\Util::unwrapIfClosure(Object(Closure))
#20 C:\\Users\\theyu\\Marco-carrasco-prueba-Jr\\prueba-tecnica\\vendor\\laravel\\framework\\src\\Illuminate\\Container\\BoundMethod.php(35): Illuminate\\Container\\BoundMethod::callBoundMethod(Object(Illuminate\\Foundation\\Application), Array, Object(Closure))
#21 C:\\Users\\theyu\\Marco-carrasco-prueba-Jr\\prueba-tecnica\\vendor\\laravel\\framework\\src\\Illuminate\\Container\\Container.php(754): Illuminate\\Container\\BoundMethod::call(Object(Illuminate\\Foundation\\Application), Array, Array, NULL)
#22 C:\\Users\\theyu\\Marco-carrasco-prueba-Jr\\prueba-tecnica\\vendor\\laravel\\framework\\src\\Illuminate\\Database\\Seeder.php(188): Illuminate\\Container\\Container->call(Array, Array)
#23 C:\\Users\\theyu\\Marco-carrasco-prueba-Jr\\prueba-tecnica\\vendor\\laravel\\framework\\src\\Illuminate\\Database\\Seeder.php(197): Illuminate\\Database\\Seeder->Illuminate\\Database\\{closure}()
#24 C:\\Users\\theyu\\Marco-carrasco-prueba-Jr\\prueba-tecnica\\vendor\\laravel\\framework\\src\\Illuminate\\Database\\Console\\Seeds\\SeedCommand.php(71): Illuminate\\Database\\Seeder->__invoke()
#25 C:\\Users\\theyu\\Marco-carrasco-prueba-Jr\\prueba-tecnica\\vendor\\laravel\\framework\\src\\Illuminate\\Database\\Eloquent\\Concerns\\GuardsAttributes.php(157): Illuminate\\Database\\Console\\Seeds\\SeedCommand->Illuminate\\Database\\Console\\Seeds\\{closure}()
#26 C:\\Users\\theyu\\Marco-carrasco-prueba-Jr\\prueba-tecnica\\vendor\\laravel\\framework\\src\\Illuminate\\Database\\Console\\Seeds\\SeedCommand.php(70): Illuminate\\Database\\Eloquent\\Model::unguarded(Object(Closure))
#27 C:\\Users\\theyu\\Marco-carrasco-prueba-Jr\\prueba-tecnica\\vendor\\laravel\\framework\\src\\Illuminate\\Container\\BoundMethod.php(36): Illuminate\\Database\\Console\\Seeds\\SeedCommand->handle()
#28 C:\\Users\\theyu\\Marco-carrasco-prueba-Jr\\prueba-tecnica\\vendor\\laravel\\framework\\src\\Illuminate\\Container\\Util.php(43): Illuminate\\Container\\BoundMethod::Illuminate\\Container\\{closure}()
#29 C:\\Users\\theyu\\Marco-carrasco-prueba-Jr\\prueba-tecnica\\vendor\\laravel\\framework\\src\\Illuminate\\Container\\BoundMethod.php(96): Illuminate\\Container\\Util::unwrapIfClosure(Object(Closure))
#30 C:\\Users\\theyu\\Marco-carrasco-prueba-Jr\\prueba-tecnica\\vendor\\laravel\\framework\\src\\Illuminate\\Container\\BoundMethod.php(35): Illuminate\\Container\\BoundMethod::callBoundMethod(Object(Illuminate\\Foundation\\Application), Array, Object(Closure))
#31 C:\\Users\\theyu\\Marco-carrasco-prueba-Jr\\prueba-tecnica\\vendor\\laravel\\framework\\src\\Illuminate\\Container\\Container.php(754): Illuminate\\Container\\BoundMethod::call(Object(Illuminate\\Foundation\\Application), Array, Array, NULL)
#32 C:\\Users\\theyu\\Marco-carrasco-prueba-Jr\\prueba-tecnica\\vendor\\laravel\\framework\\src\\Illuminate\\Console\\Command.php(211): Illuminate\\Container\\Container->call(Array)
#33 C:\\Users\\theyu\\Marco-carrasco-prueba-Jr\\prueba-tecnica\\vendor\\symfony\\console\\Command\\Command.php(318): Illuminate\\Console\\Command->execute(Object(Symfony\\Component\\Console\\Input\\ArgvInput), Object(Illuminate\\Console\\OutputStyle))
#34 C:\\Users\\theyu\\Marco-carrasco-prueba-Jr\\prueba-tecnica\\vendor\\laravel\\framework\\src\\Illuminate\\Console\\Command.php(180): Symfony\\Component\\Console\\Command\\Command->run(Object(Symfony\\Component\\Console\\Input\\ArgvInput), Object(Illuminate\\Console\\OutputStyle))
#35 C:\\Users\\theyu\\Marco-carrasco-prueba-Jr\\prueba-tecnica\\vendor\\symfony\\console\\Application.php(1092): Illuminate\\Console\\Command->run(Object(Symfony\\Component\\Console\\Input\\ArgvInput), Object(Symfony\\Component\\Console\\Output\\ConsoleOutput))
#36 C:\\Users\\theyu\\Marco-carrasco-prueba-Jr\\prueba-tecnica\\vendor\\symfony\\console\\Application.php(341): Symfony\\Component\\Console\\Application->doRunCommand(Object(Illuminate\\Database\\Console\\Seeds\\SeedCommand), Object(Symfony\\Component\\Console\\Input\\ArgvInput), Object(Symfony\\Component\\Console\\Output\\ConsoleOutput))
#37 C:\\Users\\theyu\\Marco-carrasco-prueba-Jr\\prueba-tecnica\\vendor\\symfony\\console\\Application.php(192): Symfony\\Component\\Console\\Application->doRun(Object(Symfony\\Component\\Console\\Input\\ArgvInput), Object(Symfony\\Component\\Console\\Output\\ConsoleOutput))
#38 C:\\Users\\theyu\\Marco-carrasco-prueba-Jr\\prueba-tecnica\\vendor\\laravel\\framework\\src\\Illuminate\\Foundation\\Console\\Kernel.php(197): Symfony\\Component\\Console\\Application->run(Object(Symfony\\Component\\Console\\Input\\ArgvInput), Object(Symfony\\Component\\Console\\Output\\ConsoleOutput))
#39 C:\\Users\\theyu\\Marco-carrasco-prueba-Jr\\prueba-tecnica\\vendor\\laravel\\framework\\src\\Illuminate\\Foundation\\Application.php(1234): Illuminate\\Foundation\\Console\\Kernel->handle(Object(Symfony\\Component\\Console\\Input\\ArgvInput), Object(Symfony\\Component\\Console\\Output\\ConsoleOutput))
#40 C:\\Users\\theyu\\Marco-carrasco-prueba-Jr\\prueba-tecnica\\artisan(16): Illuminate\\Foundation\\Application->handleCommand(Object(Symfony\\Component\\Console\\Input\\ArgvInput))
#41 {main}
"} 
[2025-07-18 03:47:46] local.ERROR: SQLSTATE[23000]: Integrity constraint violation: 19 UNIQUE constraint failed: users.email (Connection: sqlite, SQL: insert into "users" ("name", "email", "email_verified_at", "password", "remember_token", "updated_at", "created_at") values (Test User, test@example.com, 2025-07-18 03:47:46, $2y$12$/E9GcGvreXnj95xZJmh1W.4zP7G9TRlE6tWo0r/jz3o2pw1SW/h0e, MP9zBcSA8U, 2025-07-18 03:47:46, 2025-07-18 03:47:46)) {"exception":"[object] (Illuminate\\Database\\UniqueConstraintViolationException(code: 23000): SQLSTATE[23000]: Integrity constraint violation: 19 UNIQUE constraint failed: users.email (Connection: sqlite, SQL: insert into \"users\" (\"name\", \"email\", \"email_verified_at\", \"password\", \"remember_token\", \"updated_at\", \"created_at\") values (Test User, test@example.com, 2025-07-18 03:47:46, $2y$12$/E9GcGvreXnj95xZJmh1W.4zP7G9TRlE6tWo0r/jz3o2pw1SW/h0e, MP9zBcSA8U, 2025-07-18 03:47:46, 2025-07-18 03:47:46)) at C:\\Users\\theyu\\Marco-carrasco-prueba-Jr\\prueba-tecnica\\vendor\\laravel\\framework\\src\\Illuminate\\Database\\Connection.php:817)
[stacktrace]
#0 C:\\Users\\theyu\\Marco-carrasco-prueba-Jr\\prueba-tecnica\\vendor\\laravel\\framework\\src\\Illuminate\\Database\\Connection.php(776): Illuminate\\Database\\Connection->runQueryCallback('insert into \"us...', Array, Object(Closure))
#1 C:\\Users\\theyu\\Marco-carrasco-prueba-Jr\\prueba-tecnica\\vendor\\laravel\\framework\\src\\Illuminate\\Database\\Connection.php(557): Illuminate\\Database\\Connection->run('insert into \"us...', Array, Object(Closure))
#2 C:\\Users\\theyu\\Marco-carrasco-prueba-Jr\\prueba-tecnica\\vendor\\laravel\\framework\\src\\Illuminate\\Database\\Connection.php(521): Illuminate\\Database\\Connection->statement('insert into \"us...', Array)
#3 C:\\Users\\theyu\\Marco-carrasco-prueba-Jr\\prueba-tecnica\\vendor\\laravel\\framework\\src\\Illuminate\\Database\\Query\\Processors\\Processor.php(32): Illuminate\\Database\\Connection->insert('insert into \"us...', Array)
#4 C:\\Users\\theyu\\Marco-carrasco-prueba-Jr\\prueba-tecnica\\vendor\\laravel\\framework\\src\\Illuminate\\Database\\Query\\Builder.php(3796): Illuminate\\Database\\Query\\Processors\\Processor->processInsertGetId(Object(Illuminate\\Database\\Query\\Builder), 'insert into \"us...', Array, 'id')
#5 C:\\Users\\theyu\\Marco-carrasco-prueba-Jr\\prueba-tecnica\\vendor\\laravel\\framework\\src\\Illuminate\\Database\\Eloquent\\Builder.php(2205): Illuminate\\Database\\Query\\Builder->insertGetId(Array, 'id')
#6 C:\\Users\\theyu\\Marco-carrasco-prueba-Jr\\prueba-tecnica\\vendor\\laravel\\framework\\src\\Illuminate\\Database\\Eloquent\\Model.php(1431): Illuminate\\Database\\Eloquent\\Builder->__call('insertGetId', Array)
#7 C:\\Users\\theyu\\Marco-carrasco-prueba-Jr\\prueba-tecnica\\vendor\\laravel\\framework\\src\\Illuminate\\Database\\Eloquent\\Model.php(1396): Illuminate\\Database\\Eloquent\\Model->insertAndSetId(Object(Illuminate\\Database\\Eloquent\\Builder), Array)
#8 C:\\Users\\theyu\\Marco-carrasco-prueba-Jr\\prueba-tecnica\\vendor\\laravel\\framework\\src\\Illuminate\\Database\\Eloquent\\Model.php(1235): Illuminate\\Database\\Eloquent\\Model->performInsert(Object(Illuminate\\Database\\Eloquent\\Builder))
#9 C:\\Users\\theyu\\Marco-carrasco-prueba-Jr\\prueba-tecnica\\vendor\\laravel\\framework\\src\\Illuminate\\Database\\Eloquent\\Factories\\Factory.php(350): Illuminate\\Database\\Eloquent\\Model->save()
#10 C:\\Users\\theyu\\Marco-carrasco-prueba-Jr\\prueba-tecnica\\vendor\\laravel\\framework\\src\\Illuminate\\Collections\\Traits\\EnumeratesValues.php(271): Illuminate\\Database\\Eloquent\\Factories\\Factory->Illuminate\\Database\\Eloquent\\Factories\\{closure}(Object(App\\Models\\User), 0)
#11 C:\\Users\\theyu\\Marco-carrasco-prueba-Jr\\prueba-tecnica\\vendor\\laravel\\framework\\src\\Illuminate\\Database\\Eloquent\\Factories\\Factory.php(345): Illuminate\\Support\\Collection->each(Object(Closure))
#12 C:\\Users\\theyu\\Marco-carrasco-prueba-Jr\\prueba-tecnica\\vendor\\laravel\\framework\\src\\Illuminate\\Database\\Eloquent\\Factories\\Factory.php(301): Illuminate\\Database\\Eloquent\\Factories\\Factory->store(Object(Illuminate\\Support\\Collection))
#13 C:\\Users\\theyu\\Marco-carrasco-prueba-Jr\\prueba-tecnica\\vendor\\laravel\\framework\\src\\Illuminate\\Database\\Eloquent\\Factories\\Factory.php(295): Illuminate\\Database\\Eloquent\\Factories\\Factory->create(Array, NULL)
#14 C:\\Users\\theyu\\Marco-carrasco-prueba-Jr\\prueba-tecnica\\database\\seeders\\DatabaseSeeder.php(20): Illuminate\\Database\\Eloquent\\Factories\\Factory->create(Array)
#15 C:\\Users\\theyu\\Marco-carrasco-prueba-Jr\\prueba-tecnica\\vendor\\laravel\\framework\\src\\Illuminate\\Container\\BoundMethod.php(36): Database\\Seeders\\DatabaseSeeder->run()
#16 C:\\Users\\theyu\\Marco-carrasco-prueba-Jr\\prueba-tecnica\\vendor\\laravel\\framework\\src\\Illuminate\\Container\\Util.php(43): Illuminate\\Container\\BoundMethod::Illuminate\\Container\\{closure}()
#17 C:\\Users\\theyu\\Marco-carrasco-prueba-Jr\\prueba-tecnica\\vendor\\laravel\\framework\\src\\Illuminate\\Container\\BoundMethod.php(96): Illuminate\\Container\\Util::unwrapIfClosure(Object(Closure))
#18 C:\\Users\\theyu\\Marco-carrasco-prueba-Jr\\prueba-tecnica\\vendor\\laravel\\framework\\src\\Illuminate\\Container\\BoundMethod.php(35): Illuminate\\Container\\BoundMethod::callBoundMethod(Object(Illuminate\\Foundation\\Application), Array, Object(Closure))
#19 C:\\Users\\theyu\\Marco-carrasco-prueba-Jr\\prueba-tecnica\\vendor\\laravel\\framework\\src\\Illuminate\\Container\\Container.php(754): Illuminate\\Container\\BoundMethod::call(Object(Illuminate\\Foundation\\Application), Array, Array, NULL)
#20 C:\\Users\\theyu\\Marco-carrasco-prueba-Jr\\prueba-tecnica\\vendor\\laravel\\framework\\src\\Illuminate\\Database\\Seeder.php(188): Illuminate\\Container\\Container->call(Array, Array)
#21 C:\\Users\\theyu\\Marco-carrasco-prueba-Jr\\prueba-tecnica\\vendor\\laravel\\framework\\src\\Illuminate\\Database\\Seeder.php(197): Illuminate\\Database\\Seeder->Illuminate\\Database\\{closure}()
#22 C:\\Users\\theyu\\Marco-carrasco-prueba-Jr\\prueba-tecnica\\vendor\\laravel\\framework\\src\\Illuminate\\Database\\Console\\Seeds\\SeedCommand.php(71): Illuminate\\Database\\Seeder->__invoke()
#23 C:\\Users\\theyu\\Marco-carrasco-prueba-Jr\\prueba-tecnica\\vendor\\laravel\\framework\\src\\Illuminate\\Database\\Eloquent\\Concerns\\GuardsAttributes.php(157): Illuminate\\Database\\Console\\Seeds\\SeedCommand->Illuminate\\Database\\Console\\Seeds\\{closure}()
#24 C:\\Users\\theyu\\Marco-carrasco-prueba-Jr\\prueba-tecnica\\vendor\\laravel\\framework\\src\\Illuminate\\Database\\Console\\Seeds\\SeedCommand.php(70): Illuminate\\Database\\Eloquent\\Model::unguarded(Object(Closure))
#25 C:\\Users\\theyu\\Marco-carrasco-prueba-Jr\\prueba-tecnica\\vendor\\laravel\\framework\\src\\Illuminate\\Container\\BoundMethod.php(36): Illuminate\\Database\\Console\\Seeds\\SeedCommand->handle()
#26 C:\\Users\\theyu\\Marco-carrasco-prueba-Jr\\prueba-tecnica\\vendor\\laravel\\framework\\src\\Illuminate\\Container\\Util.php(43): Illuminate\\Container\\BoundMethod::Illuminate\\Container\\{closure}()
#27 C:\\Users\\theyu\\Marco-carrasco-prueba-Jr\\prueba-tecnica\\vendor\\laravel\\framework\\src\\Illuminate\\Container\\BoundMethod.php(96): Illuminate\\Container\\Util::unwrapIfClosure(Object(Closure))
#28 C:\\Users\\theyu\\Marco-carrasco-prueba-Jr\\prueba-tecnica\\vendor\\laravel\\framework\\src\\Illuminate\\Container\\BoundMethod.php(35): Illuminate\\Container\\BoundMethod::callBoundMethod(Object(Illuminate\\Foundation\\Application), Array, Object(Closure))
#29 C:\\Users\\theyu\\Marco-carrasco-prueba-Jr\\prueba-tecnica\\vendor\\laravel\\framework\\src\\Illuminate\\Container\\Container.php(754): Illuminate\\Container\\BoundMethod::call(Object(Illuminate\\Foundation\\Application), Array, Array, NULL)
#30 C:\\Users\\theyu\\Marco-carrasco-prueba-Jr\\prueba-tecnica\\vendor\\laravel\\framework\\src\\Illuminate\\Console\\Command.php(211): Illuminate\\Container\\Container->call(Array)
#31 C:\\Users\\theyu\\Marco-carrasco-prueba-Jr\\prueba-tecnica\\vendor\\symfony\\console\\Command\\Command.php(318): Illuminate\\Console\\Command->execute(Object(Symfony\\Component\\Console\\Input\\ArgvInput), Object(Illuminate\\Console\\OutputStyle))
#32 C:\\Users\\theyu\\Marco-carrasco-prueba-Jr\\prueba-tecnica\\vendor\\laravel\\framework\\src\\Illuminate\\Console\\Command.php(180): Symfony\\Component\\Console\\Command\\Command->run(Object(Symfony\\Component\\Console\\Input\\ArgvInput), Object(Illuminate\\Console\\OutputStyle))
#33 C:\\Users\\theyu\\Marco-carrasco-prueba-Jr\\prueba-tecnica\\vendor\\symfony\\console\\Application.php(1092): Illuminate\\Console\\Command->run(Object(Symfony\\Component\\Console\\Input\\ArgvInput), Object(Symfony\\Component\\Console\\Output\\ConsoleOutput))
#34 C:\\Users\\theyu\\Marco-carrasco-prueba-Jr\\prueba-tecnica\\vendor\\symfony\\console\\Application.php(341): Symfony\\Component\\Console\\Application->doRunCommand(Object(Illuminate\\Database\\Console\\Seeds\\SeedCommand), Object(Symfony\\Component\\Console\\Input\\ArgvInput), Object(Symfony\\Component\\Console\\Output\\ConsoleOutput))
#35 C:\\Users\\theyu\\Marco-carrasco-prueba-Jr\\prueba-tecnica\\vendor\\symfony\\console\\Application.php(192): Symfony\\Component\\Console\\Application->doRun(Object(Symfony\\Component\\Console\\Input\\ArgvInput), Object(Symfony\\Component\\Console\\Output\\ConsoleOutput))
#36 C:\\Users\\theyu\\Marco-carrasco-prueba-Jr\\prueba-tecnica\\vendor\\laravel\\framework\\src\\Illuminate\\Foundation\\Console\\Kernel.php(197): Symfony\\Component\\Console\\Application->run(Object(Symfony\\Component\\Console\\Input\\ArgvInput), Object(Symfony\\Component\\Console\\Output\\ConsoleOutput))
#37 C:\\Users\\theyu\\Marco-carrasco-prueba-Jr\\prueba-tecnica\\vendor\\laravel\\framework\\src\\Illuminate\\Foundation\\Application.php(1234): Illuminate\\Foundation\\Console\\Kernel->handle(Object(Symfony\\Component\\Console\\Input\\ArgvInput), Object(Symfony\\Component\\Console\\Output\\ConsoleOutput))
#38 C:\\Users\\theyu\\Marco-carrasco-prueba-Jr\\prueba-tecnica\\artisan(16): Illuminate\\Foundation\\Application->handleCommand(Object(Symfony\\Component\\Console\\Input\\ArgvInput))
#39 {main}

[previous exception] [object] (PDOException(code: 23000): SQLSTATE[23000]: Integrity constraint violation: 19 UNIQUE constraint failed: users.email at C:\\Users\\theyu\\Marco-carrasco-prueba-Jr\\prueba-tecnica\\vendor\\laravel\\framework\\src\\Illuminate\\Database\\Connection.php:568)
[stacktrace]
#0 C:\\Users\\theyu\\Marco-carrasco-prueba-Jr\\prueba-tecnica\\vendor\\laravel\\framework\\src\\Illuminate\\Database\\Connection.php(568): PDOStatement->execute()
#1 C:\\Users\\theyu\\Marco-carrasco-prueba-Jr\\prueba-tecnica\\vendor\\laravel\\framework\\src\\Illuminate\\Database\\Connection.php(809): Illuminate\\Database\\Connection->Illuminate\\Database\\{closure}('insert into \"us...', Array)
#2 C:\\Users\\theyu\\Marco-carrasco-prueba-Jr\\prueba-tecnica\\vendor\\laravel\\framework\\src\\Illuminate\\Database\\Connection.php(776): Illuminate\\Database\\Connection->runQueryCallback('insert into \"us...', Array, Object(Closure))
#3 C:\\Users\\theyu\\Marco-carrasco-prueba-Jr\\prueba-tecnica\\vendor\\laravel\\framework\\src\\Illuminate\\Database\\Connection.php(557): Illuminate\\Database\\Connection->run('insert into \"us...', Array, Object(Closure))
#4 C:\\Users\\theyu\\Marco-carrasco-prueba-Jr\\prueba-tecnica\\vendor\\laravel\\framework\\src\\Illuminate\\Database\\Connection.php(521): Illuminate\\Database\\Connection->statement('insert into \"us...', Array)
#5 C:\\Users\\theyu\\Marco-carrasco-prueba-Jr\\prueba-tecnica\\vendor\\laravel\\framework\\src\\Illuminate\\Database\\Query\\Processors\\Processor.php(32): Illuminate\\Database\\Connection->insert('insert into \"us...', Array)
#6 C:\\Users\\theyu\\Marco-carrasco-prueba-Jr\\prueba-tecnica\\vendor\\laravel\\framework\\src\\Illuminate\\Database\\Query\\Builder.php(3796): Illuminate\\Database\\Query\\Processors\\Processor->processInsertGetId(Object(Illuminate\\Database\\Query\\Builder), 'insert into \"us...', Array, 'id')
#7 C:\\Users\\theyu\\Marco-carrasco-prueba-Jr\\prueba-tecnica\\vendor\\laravel\\framework\\src\\Illuminate\\Database\\Eloquent\\Builder.php(2205): Illuminate\\Database\\Query\\Builder->insertGetId(Array, 'id')
#8 C:\\Users\\theyu\\Marco-carrasco-prueba-Jr\\prueba-tecnica\\vendor\\laravel\\framework\\src\\Illuminate\\Database\\Eloquent\\Model.php(1431): Illuminate\\Database\\Eloquent\\Builder->__call('insertGetId', Array)
#9 C:\\Users\\theyu\\Marco-carrasco-prueba-Jr\\prueba-tecnica\\vendor\\laravel\\framework\\src\\Illuminate\\Database\\Eloquent\\Model.php(1396): Illuminate\\Database\\Eloquent\\Model->insertAndSetId(Object(Illuminate\\Database\\Eloquent\\Builder), Array)
#10 C:\\Users\\theyu\\Marco-carrasco-prueba-Jr\\prueba-tecnica\\vendor\\laravel\\framework\\src\\Illuminate\\Database\\Eloquent\\Model.php(1235): Illuminate\\Database\\Eloquent\\Model->performInsert(Object(Illuminate\\Database\\Eloquent\\Builder))
#11 C:\\Users\\theyu\\Marco-carrasco-prueba-Jr\\prueba-tecnica\\vendor\\laravel\\framework\\src\\Illuminate\\Database\\Eloquent\\Factories\\Factory.php(350): Illuminate\\Database\\Eloquent\\Model->save()
#12 C:\\Users\\theyu\\Marco-carrasco-prueba-Jr\\prueba-tecnica\\vendor\\laravel\\framework\\src\\Illuminate\\Collections\\Traits\\EnumeratesValues.php(271): Illuminate\\Database\\Eloquent\\Factories\\Factory->Illuminate\\Database\\Eloquent\\Factories\\{closure}(Object(App\\Models\\User), 0)
#13 C:\\Users\\theyu\\Marco-carrasco-prueba-Jr\\prueba-tecnica\\vendor\\laravel\\framework\\src\\Illuminate\\Database\\Eloquent\\Factories\\Factory.php(345): Illuminate\\Support\\Collection->each(Object(Closure))
#14 C:\\Users\\theyu\\Marco-carrasco-prueba-Jr\\prueba-tecnica\\vendor\\laravel\\framework\\src\\Illuminate\\Database\\Eloquent\\Factories\\Factory.php(301): Illuminate\\Database\\Eloquent\\Factories\\Factory->store(Object(Illuminate\\Support\\Collection))
#15 C:\\Users\\theyu\\Marco-carrasco-prueba-Jr\\prueba-tecnica\\vendor\\laravel\\framework\\src\\Illuminate\\Database\\Eloquent\\Factories\\Factory.php(295): Illuminate\\Database\\Eloquent\\Factories\\Factory->create(Array, NULL)
#16 C:\\Users\\theyu\\Marco-carrasco-prueba-Jr\\prueba-tecnica\\database\\seeders\\DatabaseSeeder.php(20): Illuminate\\Database\\Eloquent\\Factories\\Factory->create(Array)
#17 C:\\Users\\theyu\\Marco-carrasco-prueba-Jr\\prueba-tecnica\\vendor\\laravel\\framework\\src\\Illuminate\\Container\\BoundMethod.php(36): Database\\Seeders\\DatabaseSeeder->run()
#18 C:\\Users\\theyu\\Marco-carrasco-prueba-Jr\\prueba-tecnica\\vendor\\laravel\\framework\\src\\Illuminate\\Container\\Util.php(43): Illuminate\\Container\\BoundMethod::Illuminate\\Container\\{closure}()
#19 C:\\Users\\theyu\\Marco-carrasco-prueba-Jr\\prueba-tecnica\\vendor\\laravel\\framework\\src\\Illuminate\\Container\\BoundMethod.php(96): Illuminate\\Container\\Util::unwrapIfClosure(Object(Closure))
#20 C:\\Users\\theyu\\Marco-carrasco-prueba-Jr\\prueba-tecnica\\vendor\\laravel\\framework\\src\\Illuminate\\Container\\BoundMethod.php(35): Illuminate\\Container\\BoundMethod::callBoundMethod(Object(Illuminate\\Foundation\\Application), Array, Object(Closure))
#21 C:\\Users\\theyu\\Marco-carrasco-prueba-Jr\\prueba-tecnica\\vendor\\laravel\\framework\\src\\Illuminate\\Container\\Container.php(754): Illuminate\\Container\\BoundMethod::call(Object(Illuminate\\Foundation\\Application), Array, Array, NULL)
#22 C:\\Users\\theyu\\Marco-carrasco-prueba-Jr\\prueba-tecnica\\vendor\\laravel\\framework\\src\\Illuminate\\Database\\Seeder.php(188): Illuminate\\Container\\Container->call(Array, Array)
#23 C:\\Users\\theyu\\Marco-carrasco-prueba-Jr\\prueba-tecnica\\vendor\\laravel\\framework\\src\\Illuminate\\Database\\Seeder.php(197): Illuminate\\Database\\Seeder->Illuminate\\Database\\{closure}()
#24 C:\\Users\\theyu\\Marco-carrasco-prueba-Jr\\prueba-tecnica\\vendor\\laravel\\framework\\src\\Illuminate\\Database\\Console\\Seeds\\SeedCommand.php(71): Illuminate\\Database\\Seeder->__invoke()
#25 C:\\Users\\theyu\\Marco-carrasco-prueba-Jr\\prueba-tecnica\\vendor\\laravel\\framework\\src\\Illuminate\\Database\\Eloquent\\Concerns\\GuardsAttributes.php(157): Illuminate\\Database\\Console\\Seeds\\SeedCommand->Illuminate\\Database\\Console\\Seeds\\{closure}()
#26 C:\\Users\\theyu\\Marco-carrasco-prueba-Jr\\prueba-tecnica\\vendor\\laravel\\framework\\src\\Illuminate\\Database\\Console\\Seeds\\SeedCommand.php(70): Illuminate\\Database\\Eloquent\\Model::unguarded(Object(Closure))
#27 C:\\Users\\theyu\\Marco-carrasco-prueba-Jr\\prueba-tecnica\\vendor\\laravel\\framework\\src\\Illuminate\\Container\\BoundMethod.php(36): Illuminate\\Database\\Console\\Seeds\\SeedCommand->handle()
#28 C:\\Users\\theyu\\Marco-carrasco-prueba-Jr\\prueba-tecnica\\vendor\\laravel\\framework\\src\\Illuminate\\Container\\Util.php(43): Illuminate\\Container\\BoundMethod::Illuminate\\Container\\{closure}()
#29 C:\\Users\\theyu\\Marco-carrasco-prueba-Jr\\prueba-tecnica\\vendor\\laravel\\framework\\src\\Illuminate\\Container\\BoundMethod.php(96): Illuminate\\Container\\Util::unwrapIfClosure(Object(Closure))
#30 C:\\Users\\theyu\\Marco-carrasco-prueba-Jr\\prueba-tecnica\\vendor\\laravel\\framework\\src\\Illuminate\\Container\\BoundMethod.php(35): Illuminate\\Container\\BoundMethod::callBoundMethod(Object(Illuminate\\Foundation\\Application), Array, Object(Closure))
#31 C:\\Users\\theyu\\Marco-carrasco-prueba-Jr\\prueba-tecnica\\vendor\\laravel\\framework\\src\\Illuminate\\Container\\Container.php(754): Illuminate\\Container\\BoundMethod::call(Object(Illuminate\\Foundation\\Application), Array, Array, NULL)
#32 C:\\Users\\theyu\\Marco-carrasco-prueba-Jr\\prueba-tecnica\\vendor\\laravel\\framework\\src\\Illuminate\\Console\\Command.php(211): Illuminate\\Container\\Container->call(Array)
#33 C:\\Users\\theyu\\Marco-carrasco-prueba-Jr\\prueba-tecnica\\vendor\\symfony\\console\\Command\\Command.php(318): Illuminate\\Console\\Command->execute(Object(Symfony\\Component\\Console\\Input\\ArgvInput), Object(Illuminate\\Console\\OutputStyle))
#34 C:\\Users\\theyu\\Marco-carrasco-prueba-Jr\\prueba-tecnica\\vendor\\laravel\\framework\\src\\Illuminate\\Console\\Command.php(180): Symfony\\Component\\Console\\Command\\Command->run(Object(Symfony\\Component\\Console\\Input\\ArgvInput), Object(Illuminate\\Console\\OutputStyle))
#35 C:\\Users\\theyu\\Marco-carrasco-prueba-Jr\\prueba-tecnica\\vendor\\symfony\\console\\Application.php(1092): Illuminate\\Console\\Command->run(Object(Symfony\\Component\\Console\\Input\\ArgvInput), Object(Symfony\\Component\\Console\\Output\\ConsoleOutput))
#36 C:\\Users\\theyu\\Marco-carrasco-prueba-Jr\\prueba-tecnica\\vendor\\symfony\\console\\Application.php(341): Symfony\\Component\\Console\\Application->doRunCommand(Object(Illuminate\\Database\\Console\\Seeds\\SeedCommand), Object(Symfony\\Component\\Console\\Input\\ArgvInput), Object(Symfony\\Component\\Console\\Output\\ConsoleOutput))
#37 C:\\Users\\theyu\\Marco-carrasco-prueba-Jr\\prueba-tecnica\\vendor\\symfony\\console\\Application.php(192): Symfony\\Component\\Console\\Application->doRun(Object(Symfony\\Component\\Console\\Input\\ArgvInput), Object(Symfony\\Component\\Console\\Output\\ConsoleOutput))
#38 C:\\Users\\theyu\\Marco-carrasco-prueba-Jr\\prueba-tecnica\\vendor\\laravel\\framework\\src\\Illuminate\\Foundation\\Console\\Kernel.php(197): Symfony\\Component\\Console\\Application->run(Object(Symfony\\Component\\Console\\Input\\ArgvInput), Object(Symfony\\Component\\Console\\Output\\ConsoleOutput))
#39 C:\\Users\\theyu\\Marco-carrasco-prueba-Jr\\prueba-tecnica\\vendor\\laravel\\framework\\src\\Illuminate\\Foundation\\Application.php(1234): Illuminate\\Foundation\\Console\\Kernel->handle(Object(Symfony\\Component\\Console\\Input\\ArgvInput), Object(Symfony\\Component\\Console\\Output\\ConsoleOutput))
#40 C:\\Users\\theyu\\Marco-carrasco-prueba-Jr\\prueba-tecnica\\artisan(16): Illuminate\\Foundation\\Application->handleCommand(Object(Symfony\\Component\\Console\\Input\\ArgvInput))
#41 {main}
"} 
[2025-07-18 05:18:00] local.ERROR: Class "App\Http\Controllers\Controller" not found {"exception":"[object] (Error(code: 0): Class \"App\\Http\\Controllers\\Controller\" not found at C:\\Users\\theyu\\Marco-carrasco-prueba-Jr\\prueba-tecnica\\app\\Http\\Controllers\\Controller.php:10)
[stacktrace]
#0 C:\\Users\\theyu\\Marco-carrasco-prueba-Jr\\prueba-tecnica\\vendor\\composer\\ClassLoader.php(576): include()
#1 C:\\Users\\theyu\\Marco-carrasco-prueba-Jr\\prueba-tecnica\\vendor\\composer\\ClassLoader.php(427): Composer\\Autoload\\{closure}('C:\\\\Users\\\\theyu\\\\...')
#2 C:\\Users\\theyu\\Marco-carrasco-prueba-Jr\\prueba-tecnica\\app\\Http\\Controllers\\Auth\\EmailVerificationPromptController.php(11): Composer\\Autoload\\ClassLoader->loadClass('App\\\\Http\\\\Contro...')
#3 C:\\Users\\theyu\\Marco-carrasco-prueba-Jr\\prueba-tecnica\\vendor\\composer\\ClassLoader.php(576): include('C:\\\\Users\\\\theyu\\\\...')
#4 C:\\Users\\theyu\\Marco-carrasco-prueba-Jr\\prueba-tecnica\\vendor\\composer\\ClassLoader.php(427): Composer\\Autoload\\{closure}('C:\\\\Users\\\\theyu\\\\...')
#5 [internal function]: Composer\\Autoload\\ClassLoader->loadClass('App\\\\Http\\\\Contro...')
#6 C:\\Users\\theyu\\Marco-carrasco-prueba-Jr\\prueba-tecnica\\vendor\\laravel\\framework\\src\\Illuminate\\Routing\\RouteAction.php(91): method_exists('App\\\\Http\\\\Contro...', '__invoke')
#7 C:\\Users\\theyu\\Marco-carrasco-prueba-Jr\\prueba-tecnica\\vendor\\laravel\\framework\\src\\Illuminate\\Routing\\RouteAction.php(47): Illuminate\\Routing\\RouteAction::makeInvokable('App\\\\Http\\\\Contro...')
#8 C:\\Users\\theyu\\Marco-carrasco-prueba-Jr\\prueba-tecnica\\vendor\\laravel\\framework\\src\\Illuminate\\Routing\\Route.php(197): Illuminate\\Routing\\RouteAction::parse('verify-email', Array)
#9 C:\\Users\\theyu\\Marco-carrasco-prueba-Jr\\prueba-tecnica\\vendor\\laravel\\framework\\src\\Illuminate\\Routing\\Route.php(178): Illuminate\\Routing\\Route->parseAction(Array)
#10 C:\\Users\\theyu\\Marco-carrasco-prueba-Jr\\prueba-tecnica\\vendor\\laravel\\framework\\src\\Illuminate\\Routing\\Router.php(671): Illuminate\\Routing\\Route->__construct(Array, 'verify-email', Array)
#11 C:\\Users\\theyu\\Marco-carrasco-prueba-Jr\\prueba-tecnica\\vendor\\laravel\\framework\\src\\Illuminate\\Routing\\Router.php(562): Illuminate\\Routing\\Router->newRoute(Array, 'verify-email', Array)
#12 C:\\Users\\theyu\\Marco-carrasco-prueba-Jr\\prueba-tecnica\\vendor\\laravel\\framework\\src\\Illuminate\\Routing\\Router.php(542): Illuminate\\Routing\\Router->createRoute(Array, 'verify-email', Array)
#13 C:\\Users\\theyu\\Marco-carrasco-prueba-Jr\\prueba-tecnica\\vendor\\laravel\\framework\\src\\Illuminate\\Routing\\Router.php(160): Illuminate\\Routing\\Router->addRoute(Array, 'verify-email', 'App\\\\Http\\\\Contro...')
#14 C:\\Users\\theyu\\Marco-carrasco-prueba-Jr\\prueba-tecnica\\vendor\\laravel\\framework\\src\\Illuminate\\Support\\Facades\\Facade.php(361): Illuminate\\Routing\\Router->get('verify-email', 'App\\\\Http\\\\Contro...')
#15 C:\\Users\\theyu\\Marco-carrasco-prueba-Jr\\prueba-tecnica\\routes\\auth.php(39): Illuminate\\Support\\Facades\\Facade::__callStatic('get', Array)
#16 C:\\Users\\theyu\\Marco-carrasco-prueba-Jr\\prueba-tecnica\\vendor\\laravel\\framework\\src\\Illuminate\\Routing\\Router.php(510): Illuminate\\Routing\\RouteFileRegistrar->{closure}(Object(Illuminate\\Routing\\Router))
#17 C:\\Users\\theyu\\Marco-carrasco-prueba-Jr\\prueba-tecnica\\vendor\\laravel\\framework\\src\\Illuminate\\Routing\\Router.php(466): Illuminate\\Routing\\Router->loadRoutes(Object(Closure))
#18 C:\\Users\\theyu\\Marco-carrasco-prueba-Jr\\prueba-tecnica\\vendor\\laravel\\framework\\src\\Illuminate\\Routing\\RouteRegistrar.php(206): Illuminate\\Routing\\Router->group(Array, Object(Closure))
#19 C:\\Users\\theyu\\Marco-carrasco-prueba-Jr\\prueba-tecnica\\routes\\auth.php(38): Illuminate\\Routing\\RouteRegistrar->group(Object(Closure))
#20 C:\\Users\\theyu\\Marco-carrasco-prueba-Jr\\prueba-tecnica\\routes\\web.php(38): require('C:\\\\Users\\\\theyu\\\\...')
#21 C:\\Users\\theyu\\Marco-carrasco-prueba-Jr\\prueba-tecnica\\vendor\\laravel\\framework\\src\\Illuminate\\Routing\\RouteFileRegistrar.php(34): require('C:\\\\Users\\\\theyu\\\\...')
#22 C:\\Users\\theyu\\Marco-carrasco-prueba-Jr\\prueba-tecnica\\vendor\\laravel\\framework\\src\\Illuminate\\Routing\\Router.php(512): Illuminate\\Routing\\RouteFileRegistrar->register('C:\\\\Users\\\\theyu\\\\...')
#23 C:\\Users\\theyu\\Marco-carrasco-prueba-Jr\\prueba-tecnica\\vendor\\laravel\\framework\\src\\Illuminate\\Routing\\Router.php(466): Illuminate\\Routing\\Router->loadRoutes('C:\\\\Users\\\\theyu\\\\...')
#24 C:\\Users\\theyu\\Marco-carrasco-prueba-Jr\\prueba-tecnica\\vendor\\laravel\\framework\\src\\Illuminate\\Routing\\RouteRegistrar.php(206): Illuminate\\Routing\\Router->group(Array, 'C:\\\\Users\\\\theyu\\\\...')
#25 C:\\Users\\theyu\\Marco-carrasco-prueba-Jr\\prueba-tecnica\\vendor\\laravel\\framework\\src\\Illuminate\\Foundation\\Configuration\\ApplicationBuilder.php(248): Illuminate\\Routing\\RouteRegistrar->group('C:\\\\Users\\\\theyu\\\\...')
#26 C:\\Users\\theyu\\Marco-carrasco-prueba-Jr\\prueba-tecnica\\vendor\\laravel\\framework\\src\\Illuminate\\Container\\BoundMethod.php(36): Illuminate\\Foundation\\Configuration\\ApplicationBuilder->Illuminate\\Foundation\\Configuration\\{closure}()
#27 C:\\Users\\theyu\\Marco-carrasco-prueba-Jr\\prueba-tecnica\\vendor\\laravel\\framework\\src\\Illuminate\\Container\\Util.php(43): Illuminate\\Container\\BoundMethod::Illuminate\\Container\\{closure}()
#28 C:\\Users\\theyu\\Marco-carrasco-prueba-Jr\\prueba-tecnica\\vendor\\laravel\\framework\\src\\Illuminate\\Container\\BoundMethod.php(84): Illuminate\\Container\\Util::unwrapIfClosure(Object(Closure))
#29 C:\\Users\\theyu\\Marco-carrasco-prueba-Jr\\prueba-tecnica\\vendor\\laravel\\framework\\src\\Illuminate\\Container\\BoundMethod.php(35): Illuminate\\Container\\BoundMethod::callBoundMethod(Object(Illuminate\\Foundation\\Application), Object(Closure), Object(Closure))
#30 C:\\Users\\theyu\\Marco-carrasco-prueba-Jr\\prueba-tecnica\\vendor\\laravel\\framework\\src\\Illuminate\\Container\\Container.php(754): Illuminate\\Container\\BoundMethod::call(Object(Illuminate\\Foundation\\Application), Object(Closure), Array, NULL)
#31 C:\\Users\\theyu\\Marco-carrasco-prueba-Jr\\prueba-tecnica\\vendor\\laravel\\framework\\src\\Illuminate\\Foundation\\Support\\Providers\\RouteServiceProvider.php(162): Illuminate\\Container\\Container->call(Object(Closure))
#32 C:\\Users\\theyu\\Marco-carrasco-prueba-Jr\\prueba-tecnica\\vendor\\laravel\\framework\\src\\Illuminate\\Foundation\\Support\\Providers\\RouteServiceProvider.php(59): Illuminate\\Foundation\\Support\\Providers\\RouteServiceProvider->loadRoutes()
#33 C:\\Users\\theyu\\Marco-carrasco-prueba-Jr\\prueba-tecnica\\vendor\\laravel\\framework\\src\\Illuminate\\Container\\BoundMethod.php(36): Illuminate\\Foundation\\Support\\Providers\\RouteServiceProvider->Illuminate\\Foundation\\Support\\Providers\\{closure}()
#34 C:\\Users\\theyu\\Marco-carrasco-prueba-Jr\\prueba-tecnica\\vendor\\laravel\\framework\\src\\Illuminate\\Container\\Util.php(43): Illuminate\\Container\\BoundMethod::Illuminate\\Container\\{closure}()
#35 C:\\Users\\theyu\\Marco-carrasco-prueba-Jr\\prueba-tecnica\\vendor\\laravel\\framework\\src\\Illuminate\\Container\\BoundMethod.php(84): Illuminate\\Container\\Util::unwrapIfClosure(Object(Closure))
#36 C:\\Users\\theyu\\Marco-carrasco-prueba-Jr\\prueba-tecnica\\vendor\\laravel\\framework\\src\\Illuminate\\Container\\BoundMethod.php(35): Illuminate\\Container\\BoundMethod::callBoundMethod(Object(Illuminate\\Foundation\\Application), Object(Closure), Object(Closure))
#37 C:\\Users\\theyu\\Marco-carrasco-prueba-Jr\\prueba-tecnica\\vendor\\laravel\\framework\\src\\Illuminate\\Container\\Container.php(754): Illuminate\\Container\\BoundMethod::call(Object(Illuminate\\Foundation\\Application), Object(Closure), Array, NULL)
#38 C:\\Users\\theyu\\Marco-carrasco-prueba-Jr\\prueba-tecnica\\vendor\\laravel\\framework\\src\\Illuminate\\Support\\ServiceProvider.php(143): Illuminate\\Container\\Container->call(Object(Closure))
#39 C:\\Users\\theyu\\Marco-carrasco-prueba-Jr\\prueba-tecnica\\vendor\\laravel\\framework\\src\\Illuminate\\Foundation\\Application.php(1153): Illuminate\\Support\\ServiceProvider->callBootedCallbacks()
#40 C:\\Users\\theyu\\Marco-carrasco-prueba-Jr\\prueba-tecnica\\vendor\\laravel\\framework\\src\\Illuminate\\Foundation\\Application.php(1131): Illuminate\\Foundation\\Application->bootProvider(Object(Illuminate\\Foundation\\Support\\Providers\\RouteServiceProvider))
#41 [internal function]: Illuminate\\Foundation\\Application->Illuminate\\Foundation\\{closure}(Object(Illuminate\\Foundation\\Support\\Providers\\RouteServiceProvider), 'Illuminate\\\\Foun...')
#42 C:\\Users\\theyu\\Marco-carrasco-prueba-Jr\\prueba-tecnica\\vendor\\laravel\\framework\\src\\Illuminate\\Foundation\\Application.php(1130): array_walk(Array, Object(Closure))
#43 C:\\Users\\theyu\\Marco-carrasco-prueba-Jr\\prueba-tecnica\\vendor\\laravel\\framework\\src\\Illuminate\\Foundation\\Bootstrap\\BootProviders.php(17): Illuminate\\Foundation\\Application->boot()
#44 C:\\Users\\theyu\\Marco-carrasco-prueba-Jr\\prueba-tecnica\\vendor\\laravel\\framework\\src\\Illuminate\\Foundation\\Application.php(341): Illuminate\\Foundation\\Bootstrap\\BootProviders->bootstrap(Object(Illuminate\\Foundation\\Application))
#45 C:\\Users\\theyu\\Marco-carrasco-prueba-Jr\\prueba-tecnica\\vendor\\laravel\\framework\\src\\Illuminate\\Foundation\\Http\\Kernel.php(186): Illuminate\\Foundation\\Application->bootstrapWith(Array)
#46 C:\\Users\\theyu\\Marco-carrasco-prueba-Jr\\prueba-tecnica\\vendor\\laravel\\framework\\src\\Illuminate\\Foundation\\Http\\Kernel.php(170): Illuminate\\Foundation\\Http\\Kernel->bootstrap()
#47 C:\\Users\\theyu\\Marco-carrasco-prueba-Jr\\prueba-tecnica\\vendor\\laravel\\framework\\src\\Illuminate\\Foundation\\Http\\Kernel.php(144): Illuminate\\Foundation\\Http\\Kernel->sendRequestThroughRouter(Object(Illuminate\\Http\\Request))
#48 C:\\Users\\theyu\\Marco-carrasco-prueba-Jr\\prueba-tecnica\\vendor\\laravel\\framework\\src\\Illuminate\\Foundation\\Application.php(1219): Illuminate\\Foundation\\Http\\Kernel->handle(Object(Illuminate\\Http\\Request))
#49 C:\\Users\\theyu\\Marco-carrasco-prueba-Jr\\prueba-tecnica\\public\\index.php(20): Illuminate\\Foundation\\Application->handleRequest(Object(Illuminate\\Http\\Request))
#50 C:\\Users\\theyu\\Marco-carrasco-prueba-Jr\\prueba-tecnica\\vendor\\laravel\\framework\\src\\Illuminate\\Foundation\\resources\\server.php(23): require_once('C:\\\\Users\\\\theyu\\\\...')
#51 {main}
"} 
[2025-07-18 05:18:42] local.ERROR: Class "App\Http\Controllers\Controller" not found {"exception":"[object] (Error(code: 0): Class \"App\\Http\\Controllers\\Controller\" not found at C:\\Users\\theyu\\Marco-carrasco-prueba-Jr\\prueba-tecnica\\app\\Http\\Controllers\\Controller.php:10)
[stacktrace]
#0 C:\\Users\\theyu\\Marco-carrasco-prueba-Jr\\prueba-tecnica\\vendor\\composer\\ClassLoader.php(576): include()
#1 C:\\Users\\theyu\\Marco-carrasco-prueba-Jr\\prueba-tecnica\\vendor\\composer\\ClassLoader.php(427): Composer\\Autoload\\{closure}('C:\\\\Users\\\\theyu\\\\...')
#2 C:\\Users\\theyu\\Marco-carrasco-prueba-Jr\\prueba-tecnica\\app\\Http\\Controllers\\Auth\\EmailVerificationPromptController.php(11): Composer\\Autoload\\ClassLoader->loadClass('App\\\\Http\\\\Contro...')
#3 C:\\Users\\theyu\\Marco-carrasco-prueba-Jr\\prueba-tecnica\\vendor\\composer\\ClassLoader.php(576): include('C:\\\\Users\\\\theyu\\\\...')
#4 C:\\Users\\theyu\\Marco-carrasco-prueba-Jr\\prueba-tecnica\\vendor\\composer\\ClassLoader.php(427): Composer\\Autoload\\{closure}('C:\\\\Users\\\\theyu\\\\...')
#5 [internal function]: Composer\\Autoload\\ClassLoader->loadClass('App\\\\Http\\\\Contro...')
#6 C:\\Users\\theyu\\Marco-carrasco-prueba-Jr\\prueba-tecnica\\vendor\\laravel\\framework\\src\\Illuminate\\Routing\\RouteAction.php(91): method_exists('App\\\\Http\\\\Contro...', '__invoke')
#7 C:\\Users\\theyu\\Marco-carrasco-prueba-Jr\\prueba-tecnica\\vendor\\laravel\\framework\\src\\Illuminate\\Routing\\RouteAction.php(47): Illuminate\\Routing\\RouteAction::makeInvokable('App\\\\Http\\\\Contro...')
#8 C:\\Users\\theyu\\Marco-carrasco-prueba-Jr\\prueba-tecnica\\vendor\\laravel\\framework\\src\\Illuminate\\Routing\\Route.php(197): Illuminate\\Routing\\RouteAction::parse('verify-email', Array)
#9 C:\\Users\\theyu\\Marco-carrasco-prueba-Jr\\prueba-tecnica\\vendor\\laravel\\framework\\src\\Illuminate\\Routing\\Route.php(178): Illuminate\\Routing\\Route->parseAction(Array)
#10 C:\\Users\\theyu\\Marco-carrasco-prueba-Jr\\prueba-tecnica\\vendor\\laravel\\framework\\src\\Illuminate\\Routing\\Router.php(671): Illuminate\\Routing\\Route->__construct(Array, 'verify-email', Array)
#11 C:\\Users\\theyu\\Marco-carrasco-prueba-Jr\\prueba-tecnica\\vendor\\laravel\\framework\\src\\Illuminate\\Routing\\Router.php(562): Illuminate\\Routing\\Router->newRoute(Array, 'verify-email', Array)
#12 C:\\Users\\theyu\\Marco-carrasco-prueba-Jr\\prueba-tecnica\\vendor\\laravel\\framework\\src\\Illuminate\\Routing\\Router.php(542): Illuminate\\Routing\\Router->createRoute(Array, 'verify-email', Array)
#13 C:\\Users\\theyu\\Marco-carrasco-prueba-Jr\\prueba-tecnica\\vendor\\laravel\\framework\\src\\Illuminate\\Routing\\Router.php(160): Illuminate\\Routing\\Router->addRoute(Array, 'verify-email', 'App\\\\Http\\\\Contro...')
#14 C:\\Users\\theyu\\Marco-carrasco-prueba-Jr\\prueba-tecnica\\vendor\\laravel\\framework\\src\\Illuminate\\Support\\Facades\\Facade.php(361): Illuminate\\Routing\\Router->get('verify-email', 'App\\\\Http\\\\Contro...')
#15 C:\\Users\\theyu\\Marco-carrasco-prueba-Jr\\prueba-tecnica\\routes\\auth.php(39): Illuminate\\Support\\Facades\\Facade::__callStatic('get', Array)
#16 C:\\Users\\theyu\\Marco-carrasco-prueba-Jr\\prueba-tecnica\\vendor\\laravel\\framework\\src\\Illuminate\\Routing\\Router.php(510): Illuminate\\Routing\\RouteFileRegistrar->{closure}(Object(Illuminate\\Routing\\Router))
#17 C:\\Users\\theyu\\Marco-carrasco-prueba-Jr\\prueba-tecnica\\vendor\\laravel\\framework\\src\\Illuminate\\Routing\\Router.php(466): Illuminate\\Routing\\Router->loadRoutes(Object(Closure))
#18 C:\\Users\\theyu\\Marco-carrasco-prueba-Jr\\prueba-tecnica\\vendor\\laravel\\framework\\src\\Illuminate\\Routing\\RouteRegistrar.php(206): Illuminate\\Routing\\Router->group(Array, Object(Closure))
#19 C:\\Users\\theyu\\Marco-carrasco-prueba-Jr\\prueba-tecnica\\routes\\auth.php(38): Illuminate\\Routing\\RouteRegistrar->group(Object(Closure))
#20 C:\\Users\\theyu\\Marco-carrasco-prueba-Jr\\prueba-tecnica\\routes\\web.php(38): require('C:\\\\Users\\\\theyu\\\\...')
#21 C:\\Users\\theyu\\Marco-carrasco-prueba-Jr\\prueba-tecnica\\vendor\\laravel\\framework\\src\\Illuminate\\Routing\\RouteFileRegistrar.php(34): require('C:\\\\Users\\\\theyu\\\\...')
#22 C:\\Users\\theyu\\Marco-carrasco-prueba-Jr\\prueba-tecnica\\vendor\\laravel\\framework\\src\\Illuminate\\Routing\\Router.php(512): Illuminate\\Routing\\RouteFileRegistrar->register('C:\\\\Users\\\\theyu\\\\...')
#23 C:\\Users\\theyu\\Marco-carrasco-prueba-Jr\\prueba-tecnica\\vendor\\laravel\\framework\\src\\Illuminate\\Routing\\Router.php(466): Illuminate\\Routing\\Router->loadRoutes('C:\\\\Users\\\\theyu\\\\...')
#24 C:\\Users\\theyu\\Marco-carrasco-prueba-Jr\\prueba-tecnica\\vendor\\laravel\\framework\\src\\Illuminate\\Routing\\RouteRegistrar.php(206): Illuminate\\Routing\\Router->group(Array, 'C:\\\\Users\\\\theyu\\\\...')
#25 C:\\Users\\theyu\\Marco-carrasco-prueba-Jr\\prueba-tecnica\\vendor\\laravel\\framework\\src\\Illuminate\\Foundation\\Configuration\\ApplicationBuilder.php(248): Illuminate\\Routing\\RouteRegistrar->group('C:\\\\Users\\\\theyu\\\\...')
#26 C:\\Users\\theyu\\Marco-carrasco-prueba-Jr\\prueba-tecnica\\vendor\\laravel\\framework\\src\\Illuminate\\Container\\BoundMethod.php(36): Illuminate\\Foundation\\Configuration\\ApplicationBuilder->Illuminate\\Foundation\\Configuration\\{closure}()
#27 C:\\Users\\theyu\\Marco-carrasco-prueba-Jr\\prueba-tecnica\\vendor\\laravel\\framework\\src\\Illuminate\\Container\\Util.php(43): Illuminate\\Container\\BoundMethod::Illuminate\\Container\\{closure}()
#28 C:\\Users\\theyu\\Marco-carrasco-prueba-Jr\\prueba-tecnica\\vendor\\laravel\\framework\\src\\Illuminate\\Container\\BoundMethod.php(84): Illuminate\\Container\\Util::unwrapIfClosure(Object(Closure))
#29 C:\\Users\\theyu\\Marco-carrasco-prueba-Jr\\prueba-tecnica\\vendor\\laravel\\framework\\src\\Illuminate\\Container\\BoundMethod.php(35): Illuminate\\Container\\BoundMethod::callBoundMethod(Object(Illuminate\\Foundation\\Application), Object(Closure), Object(Closure))
#30 C:\\Users\\theyu\\Marco-carrasco-prueba-Jr\\prueba-tecnica\\vendor\\laravel\\framework\\src\\Illuminate\\Container\\Container.php(754): Illuminate\\Container\\BoundMethod::call(Object(Illuminate\\Foundation\\Application), Object(Closure), Array, NULL)
#31 C:\\Users\\theyu\\Marco-carrasco-prueba-Jr\\prueba-tecnica\\vendor\\laravel\\framework\\src\\Illuminate\\Foundation\\Support\\Providers\\RouteServiceProvider.php(162): Illuminate\\Container\\Container->call(Object(Closure))
#32 C:\\Users\\theyu\\Marco-carrasco-prueba-Jr\\prueba-tecnica\\vendor\\laravel\\framework\\src\\Illuminate\\Foundation\\Support\\Providers\\RouteServiceProvider.php(59): Illuminate\\Foundation\\Support\\Providers\\RouteServiceProvider->loadRoutes()
#33 C:\\Users\\theyu\\Marco-carrasco-prueba-Jr\\prueba-tecnica\\vendor\\laravel\\framework\\src\\Illuminate\\Container\\BoundMethod.php(36): Illuminate\\Foundation\\Support\\Providers\\RouteServiceProvider->Illuminate\\Foundation\\Support\\Providers\\{closure}()
#34 C:\\Users\\theyu\\Marco-carrasco-prueba-Jr\\prueba-tecnica\\vendor\\laravel\\framework\\src\\Illuminate\\Container\\Util.php(43): Illuminate\\Container\\BoundMethod::Illuminate\\Container\\{closure}()
#35 C:\\Users\\theyu\\Marco-carrasco-prueba-Jr\\prueba-tecnica\\vendor\\laravel\\framework\\src\\Illuminate\\Container\\BoundMethod.php(84): Illuminate\\Container\\Util::unwrapIfClosure(Object(Closure))
#36 C:\\Users\\theyu\\Marco-carrasco-prueba-Jr\\prueba-tecnica\\vendor\\laravel\\framework\\src\\Illuminate\\Container\\BoundMethod.php(35): Illuminate\\Container\\BoundMethod::callBoundMethod(Object(Illuminate\\Foundation\\Application), Object(Closure), Object(Closure))
#37 C:\\Users\\theyu\\Marco-carrasco-prueba-Jr\\prueba-tecnica\\vendor\\laravel\\framework\\src\\Illuminate\\Container\\Container.php(754): Illuminate\\Container\\BoundMethod::call(Object(Illuminate\\Foundation\\Application), Object(Closure), Array, NULL)
#38 C:\\Users\\theyu\\Marco-carrasco-prueba-Jr\\prueba-tecnica\\vendor\\laravel\\framework\\src\\Illuminate\\Support\\ServiceProvider.php(143): Illuminate\\Container\\Container->call(Object(Closure))
#39 C:\\Users\\theyu\\Marco-carrasco-prueba-Jr\\prueba-tecnica\\vendor\\laravel\\framework\\src\\Illuminate\\Foundation\\Application.php(1153): Illuminate\\Support\\ServiceProvider->callBootedCallbacks()
#40 C:\\Users\\theyu\\Marco-carrasco-prueba-Jr\\prueba-tecnica\\vendor\\laravel\\framework\\src\\Illuminate\\Foundation\\Application.php(1131): Illuminate\\Foundation\\Application->bootProvider(Object(Illuminate\\Foundation\\Support\\Providers\\RouteServiceProvider))
#41 [internal function]: Illuminate\\Foundation\\Application->Illuminate\\Foundation\\{closure}(Object(Illuminate\\Foundation\\Support\\Providers\\RouteServiceProvider), 'Illuminate\\\\Foun...')
#42 C:\\Users\\theyu\\Marco-carrasco-prueba-Jr\\prueba-tecnica\\vendor\\laravel\\framework\\src\\Illuminate\\Foundation\\Application.php(1130): array_walk(Array, Object(Closure))
#43 C:\\Users\\theyu\\Marco-carrasco-prueba-Jr\\prueba-tecnica\\vendor\\laravel\\framework\\src\\Illuminate\\Foundation\\Bootstrap\\BootProviders.php(17): Illuminate\\Foundation\\Application->boot()
#44 C:\\Users\\theyu\\Marco-carrasco-prueba-Jr\\prueba-tecnica\\vendor\\laravel\\framework\\src\\Illuminate\\Foundation\\Application.php(341): Illuminate\\Foundation\\Bootstrap\\BootProviders->bootstrap(Object(Illuminate\\Foundation\\Application))
#45 C:\\Users\\theyu\\Marco-carrasco-prueba-Jr\\prueba-tecnica\\vendor\\laravel\\framework\\src\\Illuminate\\Foundation\\Http\\Kernel.php(186): Illuminate\\Foundation\\Application->bootstrapWith(Array)
#46 C:\\Users\\theyu\\Marco-carrasco-prueba-Jr\\prueba-tecnica\\vendor\\laravel\\framework\\src\\Illuminate\\Foundation\\Http\\Kernel.php(170): Illuminate\\Foundation\\Http\\Kernel->bootstrap()
#47 C:\\Users\\theyu\\Marco-carrasco-prueba-Jr\\prueba-tecnica\\vendor\\laravel\\framework\\src\\Illuminate\\Foundation\\Http\\Kernel.php(144): Illuminate\\Foundation\\Http\\Kernel->sendRequestThroughRouter(Object(Illuminate\\Http\\Request))
#48 C:\\Users\\theyu\\Marco-carrasco-prueba-Jr\\prueba-tecnica\\vendor\\laravel\\framework\\src\\Illuminate\\Foundation\\Application.php(1219): Illuminate\\Foundation\\Http\\Kernel->handle(Object(Illuminate\\Http\\Request))
#49 C:\\Users\\theyu\\Marco-carrasco-prueba-Jr\\prueba-tecnica\\public\\index.php(20): Illuminate\\Foundation\\Application->handleRequest(Object(Illuminate\\Http\\Request))
#50 C:\\Users\\theyu\\Marco-carrasco-prueba-Jr\\prueba-tecnica\\vendor\\laravel\\framework\\src\\Illuminate\\Foundation\\resources\\server.php(23): require_once('C:\\\\Users\\\\theyu\\\\...')
#51 {main}
"} 
[2025-07-18 05:37:21] local.ERROR: SQLSTATE[HY000]: General error: 1 table categories has no column named name (Connection: sqlite, SQL: insert into "categories" ("name", "description", "updated_at", "created_at") values (MotherBoards, Main printed circuit boards that connect all computer components., 2025-07-18 05:37:21, 2025-07-18 05:37:21)) {"exception":"[object] (Illuminate\\Database\\QueryException(code: HY000): SQLSTATE[HY000]: General error: 1 table categories has no column named name (Connection: sqlite, SQL: insert into \"categories\" (\"name\", \"description\", \"updated_at\", \"created_at\") values (MotherBoards, Main printed circuit boards that connect all computer components., 2025-07-18 05:37:21, 2025-07-18 05:37:21)) at C:\\Users\\theyu\\Marco-carrasco-prueba-Jr\\prueba-tecnica\\vendor\\laravel\\framework\\src\\Illuminate\\Database\\Connection.php:822)
[stacktrace]
#0 C:\\Users\\theyu\\Marco-carrasco-prueba-Jr\\prueba-tecnica\\vendor\\laravel\\framework\\src\\Illuminate\\Database\\Connection.php(776): Illuminate\\Database\\Connection->runQueryCallback('insert into \"ca...', Array, Object(Closure))
#1 C:\\Users\\theyu\\Marco-carrasco-prueba-Jr\\prueba-tecnica\\vendor\\laravel\\framework\\src\\Illuminate\\Database\\Connection.php(557): Illuminate\\Database\\Connection->run('insert into \"ca...', Array, Object(Closure))
#2 C:\\Users\\theyu\\Marco-carrasco-prueba-Jr\\prueba-tecnica\\vendor\\laravel\\framework\\src\\Illuminate\\Database\\Connection.php(521): Illuminate\\Database\\Connection->statement('insert into \"ca...', Array)
#3 C:\\Users\\theyu\\Marco-carrasco-prueba-Jr\\prueba-tecnica\\vendor\\laravel\\framework\\src\\Illuminate\\Database\\Query\\Processors\\Processor.php(32): Illuminate\\Database\\Connection->insert('insert into \"ca...', Array)
#4 C:\\Users\\theyu\\Marco-carrasco-prueba-Jr\\prueba-tecnica\\vendor\\laravel\\framework\\src\\Illuminate\\Database\\Query\\Builder.php(3796): Illuminate\\Database\\Query\\Processors\\Processor->processInsertGetId(Object(Illuminate\\Database\\Query\\Builder), 'insert into \"ca...', Array, 'id')
#5 C:\\Users\\theyu\\Marco-carrasco-prueba-Jr\\prueba-tecnica\\vendor\\laravel\\framework\\src\\Illuminate\\Database\\Eloquent\\Builder.php(2205): Illuminate\\Database\\Query\\Builder->insertGetId(Array, 'id')
#6 C:\\Users\\theyu\\Marco-carrasco-prueba-Jr\\prueba-tecnica\\vendor\\laravel\\framework\\src\\Illuminate\\Database\\Eloquent\\Model.php(1431): Illuminate\\Database\\Eloquent\\Builder->__call('insertGetId', Array)
#7 C:\\Users\\theyu\\Marco-carrasco-prueba-Jr\\prueba-tecnica\\vendor\\laravel\\framework\\src\\Illuminate\\Database\\Eloquent\\Model.php(1396): Illuminate\\Database\\Eloquent\\Model->insertAndSetId(Object(Illuminate\\Database\\Eloquent\\Builder), Array)
#8 C:\\Users\\theyu\\Marco-carrasco-prueba-Jr\\prueba-tecnica\\vendor\\laravel\\framework\\src\\Illuminate\\Database\\Eloquent\\Model.php(1235): Illuminate\\Database\\Eloquent\\Model->performInsert(Object(Illuminate\\Database\\Eloquent\\Builder))
#9 C:\\Users\\theyu\\Marco-carrasco-prueba-Jr\\prueba-tecnica\\vendor\\laravel\\framework\\src\\Illuminate\\Database\\Eloquent\\Builder.php(1189): Illuminate\\Database\\Eloquent\\Model->save()
#10 C:\\Users\\theyu\\Marco-carrasco-prueba-Jr\\prueba-tecnica\\vendor\\laravel\\framework\\src\\Illuminate\\Support\\helpers.php(399): Illuminate\\Database\\Eloquent\\Builder->Illuminate\\Database\\Eloquent\\{closure}(Object(App\\Models\\Category))
#11 C:\\Users\\theyu\\Marco-carrasco-prueba-Jr\\prueba-tecnica\\vendor\\laravel\\framework\\src\\Illuminate\\Database\\Eloquent\\Builder.php(1188): tap(Object(App\\Models\\Category), Object(Closure))
#12 C:\\Users\\theyu\\Marco-carrasco-prueba-Jr\\prueba-tecnica\\vendor\\laravel\\framework\\src\\Illuminate\\Support\\Traits\\ForwardsCalls.php(23): Illuminate\\Database\\Eloquent\\Builder->create(Array)
#13 C:\\Users\\theyu\\Marco-carrasco-prueba-Jr\\prueba-tecnica\\vendor\\laravel\\framework\\src\\Illuminate\\Database\\Eloquent\\Model.php(2517): Illuminate\\Database\\Eloquent\\Model->forwardCallTo(Object(Illuminate\\Database\\Eloquent\\Builder), 'create', Array)
#14 C:\\Users\\theyu\\Marco-carrasco-prueba-Jr\\prueba-tecnica\\vendor\\laravel\\framework\\src\\Illuminate\\Database\\Eloquent\\Model.php(2533): Illuminate\\Database\\Eloquent\\Model->__call('create', Array)
#15 C:\\Users\\theyu\\Marco-carrasco-prueba-Jr\\prueba-tecnica\\database\\seeders\\CategorySeeder.php(39): Illuminate\\Database\\Eloquent\\Model::__callStatic('create', Array)
#16 C:\\Users\\theyu\\Marco-carrasco-prueba-Jr\\prueba-tecnica\\vendor\\laravel\\framework\\src\\Illuminate\\Container\\BoundMethod.php(36): Database\\Seeders\\CategorySeeder->run()
#17 C:\\Users\\theyu\\Marco-carrasco-prueba-Jr\\prueba-tecnica\\vendor\\laravel\\framework\\src\\Illuminate\\Container\\Util.php(43): Illuminate\\Container\\BoundMethod::Illuminate\\Container\\{closure}()
#18 C:\\Users\\theyu\\Marco-carrasco-prueba-Jr\\prueba-tecnica\\vendor\\laravel\\framework\\src\\Illuminate\\Container\\BoundMethod.php(96): Illuminate\\Container\\Util::unwrapIfClosure(Object(Closure))
#19 C:\\Users\\theyu\\Marco-carrasco-prueba-Jr\\prueba-tecnica\\vendor\\laravel\\framework\\src\\Illuminate\\Container\\BoundMethod.php(35): Illuminate\\Container\\BoundMethod::callBoundMethod(Object(Illuminate\\Foundation\\Application), Array, Object(Closure))
#20 C:\\Users\\theyu\\Marco-carrasco-prueba-Jr\\prueba-tecnica\\vendor\\laravel\\framework\\src\\Illuminate\\Container\\Container.php(754): Illuminate\\Container\\BoundMethod::call(Object(Illuminate\\Foundation\\Application), Array, Array, NULL)
#21 C:\\Users\\theyu\\Marco-carrasco-prueba-Jr\\prueba-tecnica\\vendor\\laravel\\framework\\src\\Illuminate\\Database\\Seeder.php(188): Illuminate\\Container\\Container->call(Array, Array)
#22 C:\\Users\\theyu\\Marco-carrasco-prueba-Jr\\prueba-tecnica\\vendor\\laravel\\framework\\src\\Illuminate\\Database\\Seeder.php(197): Illuminate\\Database\\Seeder->Illuminate\\Database\\{closure}()
#23 C:\\Users\\theyu\\Marco-carrasco-prueba-Jr\\prueba-tecnica\\vendor\\laravel\\framework\\src\\Illuminate\\Database\\Seeder.php(61): Illuminate\\Database\\Seeder->__invoke(Array)
#24 C:\\Users\\theyu\\Marco-carrasco-prueba-Jr\\prueba-tecnica\\database\\seeders\\DatabaseSeeder.php(25): Illuminate\\Database\\Seeder->call('Database\\\\Seeder...')
#25 C:\\Users\\theyu\\Marco-carrasco-prueba-Jr\\prueba-tecnica\\vendor\\laravel\\framework\\src\\Illuminate\\Container\\BoundMethod.php(36): Database\\Seeders\\DatabaseSeeder->run()
#26 C:\\Users\\theyu\\Marco-carrasco-prueba-Jr\\prueba-tecnica\\vendor\\laravel\\framework\\src\\Illuminate\\Container\\Util.php(43): Illuminate\\Container\\BoundMethod::Illuminate\\Container\\{closure}()
#27 C:\\Users\\theyu\\Marco-carrasco-prueba-Jr\\prueba-tecnica\\vendor\\laravel\\framework\\src\\Illuminate\\Container\\BoundMethod.php(96): Illuminate\\Container\\Util::unwrapIfClosure(Object(Closure))
#28 C:\\Users\\theyu\\Marco-carrasco-prueba-Jr\\prueba-tecnica\\vendor\\laravel\\framework\\src\\Illuminate\\Container\\BoundMethod.php(35): Illuminate\\Container\\BoundMethod::callBoundMethod(Object(Illuminate\\Foundation\\Application), Array, Object(Closure))
#29 C:\\Users\\theyu\\Marco-carrasco-prueba-Jr\\prueba-tecnica\\vendor\\laravel\\framework\\src\\Illuminate\\Container\\Container.php(754): Illuminate\\Container\\BoundMethod::call(Object(Illuminate\\Foundation\\Application), Array, Array, NULL)
#30 C:\\Users\\theyu\\Marco-carrasco-prueba-Jr\\prueba-tecnica\\vendor\\laravel\\framework\\src\\Illuminate\\Database\\Seeder.php(188): Illuminate\\Container\\Container->call(Array, Array)
#31 C:\\Users\\theyu\\Marco-carrasco-prueba-Jr\\prueba-tecnica\\vendor\\laravel\\framework\\src\\Illuminate\\Database\\Seeder.php(197): Illuminate\\Database\\Seeder->Illuminate\\Database\\{closure}()
#32 C:\\Users\\theyu\\Marco-carrasco-prueba-Jr\\prueba-tecnica\\vendor\\laravel\\framework\\src\\Illuminate\\Database\\Console\\Seeds\\SeedCommand.php(71): Illuminate\\Database\\Seeder->__invoke()
#33 C:\\Users\\theyu\\Marco-carrasco-prueba-Jr\\prueba-tecnica\\vendor\\laravel\\framework\\src\\Illuminate\\Database\\Eloquent\\Concerns\\GuardsAttributes.php(157): Illuminate\\Database\\Console\\Seeds\\SeedCommand->Illuminate\\Database\\Console\\Seeds\\{closure}()
#34 C:\\Users\\theyu\\Marco-carrasco-prueba-Jr\\prueba-tecnica\\vendor\\laravel\\framework\\src\\Illuminate\\Database\\Console\\Seeds\\SeedCommand.php(70): Illuminate\\Database\\Eloquent\\Model::unguarded(Object(Closure))
#35 C:\\Users\\theyu\\Marco-carrasco-prueba-Jr\\prueba-tecnica\\vendor\\laravel\\framework\\src\\Illuminate\\Container\\BoundMethod.php(36): Illuminate\\Database\\Console\\Seeds\\SeedCommand->handle()
#36 C:\\Users\\theyu\\Marco-carrasco-prueba-Jr\\prueba-tecnica\\vendor\\laravel\\framework\\src\\Illuminate\\Container\\Util.php(43): Illuminate\\Container\\BoundMethod::Illuminate\\Container\\{closure}()
#37 C:\\Users\\theyu\\Marco-carrasco-prueba-Jr\\prueba-tecnica\\vendor\\laravel\\framework\\src\\Illuminate\\Container\\BoundMethod.php(96): Illuminate\\Container\\Util::unwrapIfClosure(Object(Closure))
#38 C:\\Users\\theyu\\Marco-carrasco-prueba-Jr\\prueba-tecnica\\vendor\\laravel\\framework\\src\\Illuminate\\Container\\BoundMethod.php(35): Illuminate\\Container\\BoundMethod::callBoundMethod(Object(Illuminate\\Foundation\\Application), Array, Object(Closure))
#39 C:\\Users\\theyu\\Marco-carrasco-prueba-Jr\\prueba-tecnica\\vendor\\laravel\\framework\\src\\Illuminate\\Container\\Container.php(754): Illuminate\\Container\\BoundMethod::call(Object(Illuminate\\Foundation\\Application), Array, Array, NULL)
#40 C:\\Users\\theyu\\Marco-carrasco-prueba-Jr\\prueba-tecnica\\vendor\\laravel\\framework\\src\\Illuminate\\Console\\Command.php(211): Illuminate\\Container\\Container->call(Array)
#41 C:\\Users\\theyu\\Marco-carrasco-prueba-Jr\\prueba-tecnica\\vendor\\symfony\\console\\Command\\Command.php(318): Illuminate\\Console\\Command->execute(Object(Symfony\\Component\\Console\\Input\\ArgvInput), Object(Illuminate\\Console\\OutputStyle))
#42 C:\\Users\\theyu\\Marco-carrasco-prueba-Jr\\prueba-tecnica\\vendor\\laravel\\framework\\src\\Illuminate\\Console\\Command.php(180): Symfony\\Component\\Console\\Command\\Command->run(Object(Symfony\\Component\\Console\\Input\\ArgvInput), Object(Illuminate\\Console\\OutputStyle))
#43 C:\\Users\\theyu\\Marco-carrasco-prueba-Jr\\prueba-tecnica\\vendor\\symfony\\console\\Application.php(1092): Illuminate\\Console\\Command->run(Object(Symfony\\Component\\Console\\Input\\ArgvInput), Object(Symfony\\Component\\Console\\Output\\ConsoleOutput))
#44 C:\\Users\\theyu\\Marco-carrasco-prueba-Jr\\prueba-tecnica\\vendor\\symfony\\console\\Application.php(341): Symfony\\Component\\Console\\Application->doRunCommand(Object(Illuminate\\Database\\Console\\Seeds\\SeedCommand), Object(Symfony\\Component\\Console\\Input\\ArgvInput), Object(Symfony\\Component\\Console\\Output\\ConsoleOutput))
#45 C:\\Users\\theyu\\Marco-carrasco-prueba-Jr\\prueba-tecnica\\vendor\\symfony\\console\\Application.php(192): Symfony\\Component\\Console\\Application->doRun(Object(Symfony\\Component\\Console\\Input\\ArgvInput), Object(Symfony\\Component\\Console\\Output\\ConsoleOutput))
#46 C:\\Users\\theyu\\Marco-carrasco-prueba-Jr\\prueba-tecnica\\vendor\\laravel\\framework\\src\\Illuminate\\Foundation\\Console\\Kernel.php(197): Symfony\\Component\\Console\\Application->run(Object(Symfony\\Component\\Console\\Input\\ArgvInput), Object(Symfony\\Component\\Console\\Output\\ConsoleOutput))
#47 C:\\Users\\theyu\\Marco-carrasco-prueba-Jr\\prueba-tecnica\\vendor\\laravel\\framework\\src\\Illuminate\\Foundation\\Application.php(1234): Illuminate\\Foundation\\Console\\Kernel->handle(Object(Symfony\\Component\\Console\\Input\\ArgvInput), Object(Symfony\\Component\\Console\\Output\\ConsoleOutput))
#48 C:\\Users\\theyu\\Marco-carrasco-prueba-Jr\\prueba-tecnica\\artisan(16): Illuminate\\Foundation\\Application->handleCommand(Object(Symfony\\Component\\Console\\Input\\ArgvInput))
#49 {main}

[previous exception] [object] (PDOException(code: HY000): SQLSTATE[HY000]: General error: 1 table categories has no column named name at C:\\Users\\theyu\\Marco-carrasco-prueba-Jr\\prueba-tecnica\\vendor\\laravel\\framework\\src\\Illuminate\\Database\\Connection.php:562)
[stacktrace]
#0 C:\\Users\\theyu\\Marco-carrasco-prueba-Jr\\prueba-tecnica\\vendor\\laravel\\framework\\src\\Illuminate\\Database\\Connection.php(562): PDO->prepare('insert into \"ca...')
#1 C:\\Users\\theyu\\Marco-carrasco-prueba-Jr\\prueba-tecnica\\vendor\\laravel\\framework\\src\\Illuminate\\Database\\Connection.php(809): Illuminate\\Database\\Connection->Illuminate\\Database\\{closure}('insert into \"ca...', Array)
#2 C:\\Users\\theyu\\Marco-carrasco-prueba-Jr\\prueba-tecnica\\vendor\\laravel\\framework\\src\\Illuminate\\Database\\Connection.php(776): Illuminate\\Database\\Connection->runQueryCallback('insert into \"ca...', Array, Object(Closure))
#3 C:\\Users\\theyu\\Marco-carrasco-prueba-Jr\\prueba-tecnica\\vendor\\laravel\\framework\\src\\Illuminate\\Database\\Connection.php(557): Illuminate\\Database\\Connection->run('insert into \"ca...', Array, Object(Closure))
#4 C:\\Users\\theyu\\Marco-carrasco-prueba-Jr\\prueba-tecnica\\vendor\\laravel\\framework\\src\\Illuminate\\Database\\Connection.php(521): Illuminate\\Database\\Connection->statement('insert into \"ca...', Array)
#5 C:\\Users\\theyu\\Marco-carrasco-prueba-Jr\\prueba-tecnica\\vendor\\laravel\\framework\\src\\Illuminate\\Database\\Query\\Processors\\Processor.php(32): Illuminate\\Database\\Connection->insert('insert into \"ca...', Array)
#6 C:\\Users\\theyu\\Marco-carrasco-prueba-Jr\\prueba-tecnica\\vendor\\laravel\\framework\\src\\Illuminate\\Database\\Query\\Builder.php(3796): Illuminate\\Database\\Query\\Processors\\Processor->processInsertGetId(Object(Illuminate\\Database\\Query\\Builder), 'insert into \"ca...', Array, 'id')
#7 C:\\Users\\theyu\\Marco-carrasco-prueba-Jr\\prueba-tecnica\\vendor\\laravel\\framework\\src\\Illuminate\\Database\\Eloquent\\Builder.php(2205): Illuminate\\Database\\Query\\Builder->insertGetId(Array, 'id')
#8 C:\\Users\\theyu\\Marco-carrasco-prueba-Jr\\prueba-tecnica\\vendor\\laravel\\framework\\src\\Illuminate\\Database\\Eloquent\\Model.php(1431): Illuminate\\Database\\Eloquent\\Builder->__call('insertGetId', Array)
#9 C:\\Users\\theyu\\Marco-carrasco-prueba-Jr\\prueba-tecnica\\vendor\\laravel\\framework\\src\\Illuminate\\Database\\Eloquent\\Model.php(1396): Illuminate\\Database\\Eloquent\\Model->insertAndSetId(Object(Illuminate\\Database\\Eloquent\\Builder), Array)
#10 C:\\Users\\theyu\\Marco-carrasco-prueba-Jr\\prueba-tecnica\\vendor\\laravel\\framework\\src\\Illuminate\\Database\\Eloquent\\Model.php(1235): Illuminate\\Database\\Eloquent\\Model->performInsert(Object(Illuminate\\Database\\Eloquent\\Builder))
#11 C:\\Users\\theyu\\Marco-carrasco-prueba-Jr\\prueba-tecnica\\vendor\\laravel\\framework\\src\\Illuminate\\Database\\Eloquent\\Builder.php(1189): Illuminate\\Database\\Eloquent\\Model->save()
#12 C:\\Users\\theyu\\Marco-carrasco-prueba-Jr\\prueba-tecnica\\vendor\\laravel\\framework\\src\\Illuminate\\Support\\helpers.php(399): Illuminate\\Database\\Eloquent\\Builder->Illuminate\\Database\\Eloquent\\{closure}(Object(App\\Models\\Category))
#13 C:\\Users\\theyu\\Marco-carrasco-prueba-Jr\\prueba-tecnica\\vendor\\laravel\\framework\\src\\Illuminate\\Database\\Eloquent\\Builder.php(1188): tap(Object(App\\Models\\Category), Object(Closure))
#14 C:\\Users\\theyu\\Marco-carrasco-prueba-Jr\\prueba-tecnica\\vendor\\laravel\\framework\\src\\Illuminate\\Support\\Traits\\ForwardsCalls.php(23): Illuminate\\Database\\Eloquent\\Builder->create(Array)
#15 C:\\Users\\theyu\\Marco-carrasco-prueba-Jr\\prueba-tecnica\\vendor\\laravel\\framework\\src\\Illuminate\\Database\\Eloquent\\Model.php(2517): Illuminate\\Database\\Eloquent\\Model->forwardCallTo(Object(Illuminate\\Database\\Eloquent\\Builder), 'create', Array)
#16 C:\\Users\\theyu\\Marco-carrasco-prueba-Jr\\prueba-tecnica\\vendor\\laravel\\framework\\src\\Illuminate\\Database\\Eloquent\\Model.php(2533): Illuminate\\Database\\Eloquent\\Model->__call('create', Array)
#17 C:\\Users\\theyu\\Marco-carrasco-prueba-Jr\\prueba-tecnica\\database\\seeders\\CategorySeeder.php(39): Illuminate\\Database\\Eloquent\\Model::__callStatic('create', Array)
#18 C:\\Users\\theyu\\Marco-carrasco-prueba-Jr\\prueba-tecnica\\vendor\\laravel\\framework\\src\\Illuminate\\Container\\BoundMethod.php(36): Database\\Seeders\\CategorySeeder->run()
#19 C:\\Users\\theyu\\Marco-carrasco-prueba-Jr\\prueba-tecnica\\vendor\\laravel\\framework\\src\\Illuminate\\Container\\Util.php(43): Illuminate\\Container\\BoundMethod::Illuminate\\Container\\{closure}()
#20 C:\\Users\\theyu\\Marco-carrasco-prueba-Jr\\prueba-tecnica\\vendor\\laravel\\framework\\src\\Illuminate\\Container\\BoundMethod.php(96): Illuminate\\Container\\Util::unwrapIfClosure(Object(Closure))
#21 C:\\Users\\theyu\\Marco-carrasco-prueba-Jr\\prueba-tecnica\\vendor\\laravel\\framework\\src\\Illuminate\\Container\\BoundMethod.php(35): Illuminate\\Container\\BoundMethod::callBoundMethod(Object(Illuminate\\Foundation\\Application), Array, Object(Closure))
#22 C:\\Users\\theyu\\Marco-carrasco-prueba-Jr\\prueba-tecnica\\vendor\\laravel\\framework\\src\\Illuminate\\Container\\Container.php(754): Illuminate\\Container\\BoundMethod::call(Object(Illuminate\\Foundation\\Application), Array, Array, NULL)
#23 C:\\Users\\theyu\\Marco-carrasco-prueba-Jr\\prueba-tecnica\\vendor\\laravel\\framework\\src\\Illuminate\\Database\\Seeder.php(188): Illuminate\\Container\\Container->call(Array, Array)
#24 C:\\Users\\theyu\\Marco-carrasco-prueba-Jr\\prueba-tecnica\\vendor\\laravel\\framework\\src\\Illuminate\\Database\\Seeder.php(197): Illuminate\\Database\\Seeder->Illuminate\\Database\\{closure}()
#25 C:\\Users\\theyu\\Marco-carrasco-prueba-Jr\\prueba-tecnica\\vendor\\laravel\\framework\\src\\Illuminate\\Database\\Seeder.php(61): Illuminate\\Database\\Seeder->__invoke(Array)
#26 C:\\Users\\theyu\\Marco-carrasco-prueba-Jr\\prueba-tecnica\\database\\seeders\\DatabaseSeeder.php(25): Illuminate\\Database\\Seeder->call('Database\\\\Seeder...')
#27 C:\\Users\\theyu\\Marco-carrasco-prueba-Jr\\prueba-tecnica\\vendor\\laravel\\framework\\src\\Illuminate\\Container\\BoundMethod.php(36): Database\\Seeders\\DatabaseSeeder->run()
#28 C:\\Users\\theyu\\Marco-carrasco-prueba-Jr\\prueba-tecnica\\vendor\\laravel\\framework\\src\\Illuminate\\Container\\Util.php(43): Illuminate\\Container\\BoundMethod::Illuminate\\Container\\{closure}()
#29 C:\\Users\\theyu\\Marco-carrasco-prueba-Jr\\prueba-tecnica\\vendor\\laravel\\framework\\src\\Illuminate\\Container\\BoundMethod.php(96): Illuminate\\Container\\Util::unwrapIfClosure(Object(Closure))
#30 C:\\Users\\theyu\\Marco-carrasco-prueba-Jr\\prueba-tecnica\\vendor\\laravel\\framework\\src\\Illuminate\\Container\\BoundMethod.php(35): Illuminate\\Container\\BoundMethod::callBoundMethod(Object(Illuminate\\Foundation\\Application), Array, Object(Closure))
#31 C:\\Users\\theyu\\Marco-carrasco-prueba-Jr\\prueba-tecnica\\vendor\\laravel\\framework\\src\\Illuminate\\Container\\Container.php(754): Illuminate\\Container\\BoundMethod::call(Object(Illuminate\\Foundation\\Application), Array, Array, NULL)
#32 C:\\Users\\theyu\\Marco-carrasco-prueba-Jr\\prueba-tecnica\\vendor\\laravel\\framework\\src\\Illuminate\\Database\\Seeder.php(188): Illuminate\\Container\\Container->call(Array, Array)
#33 C:\\Users\\theyu\\Marco-carrasco-prueba-Jr\\prueba-tecnica\\vendor\\laravel\\framework\\src\\Illuminate\\Database\\Seeder.php(197): Illuminate\\Database\\Seeder->Illuminate\\Database\\{closure}()
#34 C:\\Users\\theyu\\Marco-carrasco-prueba-Jr\\prueba-tecnica\\vendor\\laravel\\framework\\src\\Illuminate\\Database\\Console\\Seeds\\SeedCommand.php(71): Illuminate\\Database\\Seeder->__invoke()
#35 C:\\Users\\theyu\\Marco-carrasco-prueba-Jr\\prueba-tecnica\\vendor\\laravel\\framework\\src\\Illuminate\\Database\\Eloquent\\Concerns\\GuardsAttributes.php(157): Illuminate\\Database\\Console\\Seeds\\SeedCommand->Illuminate\\Database\\Console\\Seeds\\{closure}()
#36 C:\\Users\\theyu\\Marco-carrasco-prueba-Jr\\prueba-tecnica\\vendor\\laravel\\framework\\src\\Illuminate\\Database\\Console\\Seeds\\SeedCommand.php(70): Illuminate\\Database\\Eloquent\\Model::unguarded(Object(Closure))
#37 C:\\Users\\theyu\\Marco-carrasco-prueba-Jr\\prueba-tecnica\\vendor\\laravel\\framework\\src\\Illuminate\\Container\\BoundMethod.php(36): Illuminate\\Database\\Console\\Seeds\\SeedCommand->handle()
#38 C:\\Users\\theyu\\Marco-carrasco-prueba-Jr\\prueba-tecnica\\vendor\\laravel\\framework\\src\\Illuminate\\Container\\Util.php(43): Illuminate\\Container\\BoundMethod::Illuminate\\Container\\{closure}()
#39 C:\\Users\\theyu\\Marco-carrasco-prueba-Jr\\prueba-tecnica\\vendor\\laravel\\framework\\src\\Illuminate\\Container\\BoundMethod.php(96): Illuminate\\Container\\Util::unwrapIfClosure(Object(Closure))
#40 C:\\Users\\theyu\\Marco-carrasco-prueba-Jr\\prueba-tecnica\\vendor\\laravel\\framework\\src\\Illuminate\\Container\\BoundMethod.php(35): Illuminate\\Container\\BoundMethod::callBoundMethod(Object(Illuminate\\Foundation\\Application), Array, Object(Closure))
#41 C:\\Users\\theyu\\Marco-carrasco-prueba-Jr\\prueba-tecnica\\vendor\\laravel\\framework\\src\\Illuminate\\Container\\Container.php(754): Illuminate\\Container\\BoundMethod::call(Object(Illuminate\\Foundation\\Application), Array, Array, NULL)
#42 C:\\Users\\theyu\\Marco-carrasco-prueba-Jr\\prueba-tecnica\\vendor\\laravel\\framework\\src\\Illuminate\\Console\\Command.php(211): Illuminate\\Container\\Container->call(Array)
#43 C:\\Users\\theyu\\Marco-carrasco-prueba-Jr\\prueba-tecnica\\vendor\\symfony\\console\\Command\\Command.php(318): Illuminate\\Console\\Command->execute(Object(Symfony\\Component\\Console\\Input\\ArgvInput), Object(Illuminate\\Console\\OutputStyle))
#44 C:\\Users\\theyu\\Marco-carrasco-prueba-Jr\\prueba-tecnica\\vendor\\laravel\\framework\\src\\Illuminate\\Console\\Command.php(180): Symfony\\Component\\Console\\Command\\Command->run(Object(Symfony\\Component\\Console\\Input\\ArgvInput), Object(Illuminate\\Console\\OutputStyle))
#45 C:\\Users\\theyu\\Marco-carrasco-prueba-Jr\\prueba-tecnica\\vendor\\symfony\\console\\Application.php(1092): Illuminate\\Console\\Command->run(Object(Symfony\\Component\\Console\\Input\\ArgvInput), Object(Symfony\\Component\\Console\\Output\\ConsoleOutput))
#46 C:\\Users\\theyu\\Marco-carrasco-prueba-Jr\\prueba-tecnica\\vendor\\symfony\\console\\Application.php(341): Symfony\\Component\\Console\\Application->doRunCommand(Object(Illuminate\\Database\\Console\\Seeds\\SeedCommand), Object(Symfony\\Component\\Console\\Input\\ArgvInput), Object(Symfony\\Component\\Console\\Output\\ConsoleOutput))
#47 C:\\Users\\theyu\\Marco-carrasco-prueba-Jr\\prueba-tecnica\\vendor\\symfony\\console\\Application.php(192): Symfony\\Component\\Console\\Application->doRun(Object(Symfony\\Component\\Console\\Input\\ArgvInput), Object(Symfony\\Component\\Console\\Output\\ConsoleOutput))
#48 C:\\Users\\theyu\\Marco-carrasco-prueba-Jr\\prueba-tecnica\\vendor\\laravel\\framework\\src\\Illuminate\\Foundation\\Console\\Kernel.php(197): Symfony\\Component\\Console\\Application->run(Object(Symfony\\Component\\Console\\Input\\ArgvInput), Object(Symfony\\Component\\Console\\Output\\ConsoleOutput))
#49 C:\\Users\\theyu\\Marco-carrasco-prueba-Jr\\prueba-tecnica\\vendor\\laravel\\framework\\src\\Illuminate\\Foundation\\Application.php(1234): Illuminate\\Foundation\\Console\\Kernel->handle(Object(Symfony\\Component\\Console\\Input\\ArgvInput), Object(Symfony\\Component\\Console\\Output\\ConsoleOutput))
#50 C:\\Users\\theyu\\Marco-carrasco-prueba-Jr\\prueba-tecnica\\artisan(16): Illuminate\\Foundation\\Application->handleCommand(Object(Symfony\\Component\\Console\\Input\\ArgvInput))
#51 {main}
"} 
[2025-07-18 05:40:32] local.ERROR: SQLSTATE[HY000]: General error: 1 table categories has no column named name (Connection: sqlite, SQL: insert into "categories" ("name", "description", "updated_at", "created_at") values (MotherBoards, Main printed circuit boards that connect all computer components., 2025-07-18 05:40:32, 2025-07-18 05:40:32)) {"exception":"[object] (Illuminate\\Database\\QueryException(code: HY000): SQLSTATE[HY000]: General error: 1 table categories has no column named name (Connection: sqlite, SQL: insert into \"categories\" (\"name\", \"description\", \"updated_at\", \"created_at\") values (MotherBoards, Main printed circuit boards that connect all computer components., 2025-07-18 05:40:32, 2025-07-18 05:40:32)) at C:\\Users\\theyu\\Marco-carrasco-prueba-Jr\\prueba-tecnica\\vendor\\laravel\\framework\\src\\Illuminate\\Database\\Connection.php:822)
[stacktrace]
#0 C:\\Users\\theyu\\Marco-carrasco-prueba-Jr\\prueba-tecnica\\vendor\\laravel\\framework\\src\\Illuminate\\Database\\Connection.php(776): Illuminate\\Database\\Connection->runQueryCallback('insert into \"ca...', Array, Object(Closure))
#1 C:\\Users\\theyu\\Marco-carrasco-prueba-Jr\\prueba-tecnica\\vendor\\laravel\\framework\\src\\Illuminate\\Database\\Connection.php(557): Illuminate\\Database\\Connection->run('insert into \"ca...', Array, Object(Closure))
#2 C:\\Users\\theyu\\Marco-carrasco-prueba-Jr\\prueba-tecnica\\vendor\\laravel\\framework\\src\\Illuminate\\Database\\Connection.php(521): Illuminate\\Database\\Connection->statement('insert into \"ca...', Array)
#3 C:\\Users\\theyu\\Marco-carrasco-prueba-Jr\\prueba-tecnica\\vendor\\laravel\\framework\\src\\Illuminate\\Database\\Query\\Processors\\Processor.php(32): Illuminate\\Database\\Connection->insert('insert into \"ca...', Array)
#4 C:\\Users\\theyu\\Marco-carrasco-prueba-Jr\\prueba-tecnica\\vendor\\laravel\\framework\\src\\Illuminate\\Database\\Query\\Builder.php(3796): Illuminate\\Database\\Query\\Processors\\Processor->processInsertGetId(Object(Illuminate\\Database\\Query\\Builder), 'insert into \"ca...', Array, 'id')
#5 C:\\Users\\theyu\\Marco-carrasco-prueba-Jr\\prueba-tecnica\\vendor\\laravel\\framework\\src\\Illuminate\\Database\\Eloquent\\Builder.php(2205): Illuminate\\Database\\Query\\Builder->insertGetId(Array, 'id')
#6 C:\\Users\\theyu\\Marco-carrasco-prueba-Jr\\prueba-tecnica\\vendor\\laravel\\framework\\src\\Illuminate\\Database\\Eloquent\\Model.php(1431): Illuminate\\Database\\Eloquent\\Builder->__call('insertGetId', Array)
#7 C:\\Users\\theyu\\Marco-carrasco-prueba-Jr\\prueba-tecnica\\vendor\\laravel\\framework\\src\\Illuminate\\Database\\Eloquent\\Model.php(1396): Illuminate\\Database\\Eloquent\\Model->insertAndSetId(Object(Illuminate\\Database\\Eloquent\\Builder), Array)
#8 C:\\Users\\theyu\\Marco-carrasco-prueba-Jr\\prueba-tecnica\\vendor\\laravel\\framework\\src\\Illuminate\\Database\\Eloquent\\Model.php(1235): Illuminate\\Database\\Eloquent\\Model->performInsert(Object(Illuminate\\Database\\Eloquent\\Builder))
#9 C:\\Users\\theyu\\Marco-carrasco-prueba-Jr\\prueba-tecnica\\vendor\\laravel\\framework\\src\\Illuminate\\Database\\Eloquent\\Builder.php(1189): Illuminate\\Database\\Eloquent\\Model->save()
#10 C:\\Users\\theyu\\Marco-carrasco-prueba-Jr\\prueba-tecnica\\vendor\\laravel\\framework\\src\\Illuminate\\Support\\helpers.php(399): Illuminate\\Database\\Eloquent\\Builder->Illuminate\\Database\\Eloquent\\{closure}(Object(App\\Models\\Category))
#11 C:\\Users\\theyu\\Marco-carrasco-prueba-Jr\\prueba-tecnica\\vendor\\laravel\\framework\\src\\Illuminate\\Database\\Eloquent\\Builder.php(1188): tap(Object(App\\Models\\Category), Object(Closure))
#12 C:\\Users\\theyu\\Marco-carrasco-prueba-Jr\\prueba-tecnica\\vendor\\laravel\\framework\\src\\Illuminate\\Support\\Traits\\ForwardsCalls.php(23): Illuminate\\Database\\Eloquent\\Builder->create(Array)
#13 C:\\Users\\theyu\\Marco-carrasco-prueba-Jr\\prueba-tecnica\\vendor\\laravel\\framework\\src\\Illuminate\\Database\\Eloquent\\Model.php(2517): Illuminate\\Database\\Eloquent\\Model->forwardCallTo(Object(Illuminate\\Database\\Eloquent\\Builder), 'create', Array)
#14 C:\\Users\\theyu\\Marco-carrasco-prueba-Jr\\prueba-tecnica\\vendor\\laravel\\framework\\src\\Illuminate\\Database\\Eloquent\\Model.php(2533): Illuminate\\Database\\Eloquent\\Model->__call('create', Array)
#15 C:\\Users\\theyu\\Marco-carrasco-prueba-Jr\\prueba-tecnica\\database\\seeders\\CategorySeeder.php(39): Illuminate\\Database\\Eloquent\\Model::__callStatic('create', Array)
#16 C:\\Users\\theyu\\Marco-carrasco-prueba-Jr\\prueba-tecnica\\vendor\\laravel\\framework\\src\\Illuminate\\Container\\BoundMethod.php(36): Database\\Seeders\\CategorySeeder->run()
#17 C:\\Users\\theyu\\Marco-carrasco-prueba-Jr\\prueba-tecnica\\vendor\\laravel\\framework\\src\\Illuminate\\Container\\Util.php(43): Illuminate\\Container\\BoundMethod::Illuminate\\Container\\{closure}()
#18 C:\\Users\\theyu\\Marco-carrasco-prueba-Jr\\prueba-tecnica\\vendor\\laravel\\framework\\src\\Illuminate\\Container\\BoundMethod.php(96): Illuminate\\Container\\Util::unwrapIfClosure(Object(Closure))
#19 C:\\Users\\theyu\\Marco-carrasco-prueba-Jr\\prueba-tecnica\\vendor\\laravel\\framework\\src\\Illuminate\\Container\\BoundMethod.php(35): Illuminate\\Container\\BoundMethod::callBoundMethod(Object(Illuminate\\Foundation\\Application), Array, Object(Closure))
#20 C:\\Users\\theyu\\Marco-carrasco-prueba-Jr\\prueba-tecnica\\vendor\\laravel\\framework\\src\\Illuminate\\Container\\Container.php(754): Illuminate\\Container\\BoundMethod::call(Object(Illuminate\\Foundation\\Application), Array, Array, NULL)
#21 C:\\Users\\theyu\\Marco-carrasco-prueba-Jr\\prueba-tecnica\\vendor\\laravel\\framework\\src\\Illuminate\\Database\\Seeder.php(188): Illuminate\\Container\\Container->call(Array, Array)
#22 C:\\Users\\theyu\\Marco-carrasco-prueba-Jr\\prueba-tecnica\\vendor\\laravel\\framework\\src\\Illuminate\\Database\\Seeder.php(197): Illuminate\\Database\\Seeder->Illuminate\\Database\\{closure}()
#23 C:\\Users\\theyu\\Marco-carrasco-prueba-Jr\\prueba-tecnica\\vendor\\laravel\\framework\\src\\Illuminate\\Database\\Seeder.php(61): Illuminate\\Database\\Seeder->__invoke(Array)
#24 C:\\Users\\theyu\\Marco-carrasco-prueba-Jr\\prueba-tecnica\\database\\seeders\\DatabaseSeeder.php(25): Illuminate\\Database\\Seeder->call('Database\\\\Seeder...')
#25 C:\\Users\\theyu\\Marco-carrasco-prueba-Jr\\prueba-tecnica\\vendor\\laravel\\framework\\src\\Illuminate\\Container\\BoundMethod.php(36): Database\\Seeders\\DatabaseSeeder->run()
#26 C:\\Users\\theyu\\Marco-carrasco-prueba-Jr\\prueba-tecnica\\vendor\\laravel\\framework\\src\\Illuminate\\Container\\Util.php(43): Illuminate\\Container\\BoundMethod::Illuminate\\Container\\{closure}()
#27 C:\\Users\\theyu\\Marco-carrasco-prueba-Jr\\prueba-tecnica\\vendor\\laravel\\framework\\src\\Illuminate\\Container\\BoundMethod.php(96): Illuminate\\Container\\Util::unwrapIfClosure(Object(Closure))
#28 C:\\Users\\theyu\\Marco-carrasco-prueba-Jr\\prueba-tecnica\\vendor\\laravel\\framework\\src\\Illuminate\\Container\\BoundMethod.php(35): Illuminate\\Container\\BoundMethod::callBoundMethod(Object(Illuminate\\Foundation\\Application), Array, Object(Closure))
#29 C:\\Users\\theyu\\Marco-carrasco-prueba-Jr\\prueba-tecnica\\vendor\\laravel\\framework\\src\\Illuminate\\Container\\Container.php(754): Illuminate\\Container\\BoundMethod::call(Object(Illuminate\\Foundation\\Application), Array, Array, NULL)
#30 C:\\Users\\theyu\\Marco-carrasco-prueba-Jr\\prueba-tecnica\\vendor\\laravel\\framework\\src\\Illuminate\\Database\\Seeder.php(188): Illuminate\\Container\\Container->call(Array, Array)
#31 C:\\Users\\theyu\\Marco-carrasco-prueba-Jr\\prueba-tecnica\\vendor\\laravel\\framework\\src\\Illuminate\\Database\\Seeder.php(197): Illuminate\\Database\\Seeder->Illuminate\\Database\\{closure}()
#32 C:\\Users\\theyu\\Marco-carrasco-prueba-Jr\\prueba-tecnica\\vendor\\laravel\\framework\\src\\Illuminate\\Database\\Console\\Seeds\\SeedCommand.php(71): Illuminate\\Database\\Seeder->__invoke()
#33 C:\\Users\\theyu\\Marco-carrasco-prueba-Jr\\prueba-tecnica\\vendor\\laravel\\framework\\src\\Illuminate\\Database\\Eloquent\\Concerns\\GuardsAttributes.php(157): Illuminate\\Database\\Console\\Seeds\\SeedCommand->Illuminate\\Database\\Console\\Seeds\\{closure}()
#34 C:\\Users\\theyu\\Marco-carrasco-prueba-Jr\\prueba-tecnica\\vendor\\laravel\\framework\\src\\Illuminate\\Database\\Console\\Seeds\\SeedCommand.php(70): Illuminate\\Database\\Eloquent\\Model::unguarded(Object(Closure))
#35 C:\\Users\\theyu\\Marco-carrasco-prueba-Jr\\prueba-tecnica\\vendor\\laravel\\framework\\src\\Illuminate\\Container\\BoundMethod.php(36): Illuminate\\Database\\Console\\Seeds\\SeedCommand->handle()
#36 C:\\Users\\theyu\\Marco-carrasco-prueba-Jr\\prueba-tecnica\\vendor\\laravel\\framework\\src\\Illuminate\\Container\\Util.php(43): Illuminate\\Container\\BoundMethod::Illuminate\\Container\\{closure}()
#37 C:\\Users\\theyu\\Marco-carrasco-prueba-Jr\\prueba-tecnica\\vendor\\laravel\\framework\\src\\Illuminate\\Container\\BoundMethod.php(96): Illuminate\\Container\\Util::unwrapIfClosure(Object(Closure))
#38 C:\\Users\\theyu\\Marco-carrasco-prueba-Jr\\prueba-tecnica\\vendor\\laravel\\framework\\src\\Illuminate\\Container\\BoundMethod.php(35): Illuminate\\Container\\BoundMethod::callBoundMethod(Object(Illuminate\\Foundation\\Application), Array, Object(Closure))
#39 C:\\Users\\theyu\\Marco-carrasco-prueba-Jr\\prueba-tecnica\\vendor\\laravel\\framework\\src\\Illuminate\\Container\\Container.php(754): Illuminate\\Container\\BoundMethod::call(Object(Illuminate\\Foundation\\Application), Array, Array, NULL)
#40 C:\\Users\\theyu\\Marco-carrasco-prueba-Jr\\prueba-tecnica\\vendor\\laravel\\framework\\src\\Illuminate\\Console\\Command.php(211): Illuminate\\Container\\Container->call(Array)
#41 C:\\Users\\theyu\\Marco-carrasco-prueba-Jr\\prueba-tecnica\\vendor\\symfony\\console\\Command\\Command.php(318): Illuminate\\Console\\Command->execute(Object(Symfony\\Component\\Console\\Input\\ArgvInput), Object(Illuminate\\Console\\OutputStyle))
#42 C:\\Users\\theyu\\Marco-carrasco-prueba-Jr\\prueba-tecnica\\vendor\\laravel\\framework\\src\\Illuminate\\Console\\Command.php(180): Symfony\\Component\\Console\\Command\\Command->run(Object(Symfony\\Component\\Console\\Input\\ArgvInput), Object(Illuminate\\Console\\OutputStyle))
#43 C:\\Users\\theyu\\Marco-carrasco-prueba-Jr\\prueba-tecnica\\vendor\\symfony\\console\\Application.php(1092): Illuminate\\Console\\Command->run(Object(Symfony\\Component\\Console\\Input\\ArgvInput), Object(Symfony\\Component\\Console\\Output\\ConsoleOutput))
#44 C:\\Users\\theyu\\Marco-carrasco-prueba-Jr\\prueba-tecnica\\vendor\\symfony\\console\\Application.php(341): Symfony\\Component\\Console\\Application->doRunCommand(Object(Illuminate\\Database\\Console\\Seeds\\SeedCommand), Object(Symfony\\Component\\Console\\Input\\ArgvInput), Object(Symfony\\Component\\Console\\Output\\ConsoleOutput))
#45 C:\\Users\\theyu\\Marco-carrasco-prueba-Jr\\prueba-tecnica\\vendor\\symfony\\console\\Application.php(192): Symfony\\Component\\Console\\Application->doRun(Object(Symfony\\Component\\Console\\Input\\ArgvInput), Object(Symfony\\Component\\Console\\Output\\ConsoleOutput))
#46 C:\\Users\\theyu\\Marco-carrasco-prueba-Jr\\prueba-tecnica\\vendor\\laravel\\framework\\src\\Illuminate\\Foundation\\Console\\Kernel.php(197): Symfony\\Component\\Console\\Application->run(Object(Symfony\\Component\\Console\\Input\\ArgvInput), Object(Symfony\\Component\\Console\\Output\\ConsoleOutput))
#47 C:\\Users\\theyu\\Marco-carrasco-prueba-Jr\\prueba-tecnica\\vendor\\laravel\\framework\\src\\Illuminate\\Foundation\\Application.php(1234): Illuminate\\Foundation\\Console\\Kernel->handle(Object(Symfony\\Component\\Console\\Input\\ArgvInput), Object(Symfony\\Component\\Console\\Output\\ConsoleOutput))
#48 C:\\Users\\theyu\\Marco-carrasco-prueba-Jr\\prueba-tecnica\\artisan(16): Illuminate\\Foundation\\Application->handleCommand(Object(Symfony\\Component\\Console\\Input\\ArgvInput))
#49 {main}

[previous exception] [object] (PDOException(code: HY000): SQLSTATE[HY000]: General error: 1 table categories has no column named name at C:\\Users\\theyu\\Marco-carrasco-prueba-Jr\\prueba-tecnica\\vendor\\laravel\\framework\\src\\Illuminate\\Database\\Connection.php:562)
[stacktrace]
#0 C:\\Users\\theyu\\Marco-carrasco-prueba-Jr\\prueba-tecnica\\vendor\\laravel\\framework\\src\\Illuminate\\Database\\Connection.php(562): PDO->prepare('insert into \"ca...')
#1 C:\\Users\\theyu\\Marco-carrasco-prueba-Jr\\prueba-tecnica\\vendor\\laravel\\framework\\src\\Illuminate\\Database\\Connection.php(809): Illuminate\\Database\\Connection->Illuminate\\Database\\{closure}('insert into \"ca...', Array)
#2 C:\\Users\\theyu\\Marco-carrasco-prueba-Jr\\prueba-tecnica\\vendor\\laravel\\framework\\src\\Illuminate\\Database\\Connection.php(776): Illuminate\\Database\\Connection->runQueryCallback('insert into \"ca...', Array, Object(Closure))
#3 C:\\Users\\theyu\\Marco-carrasco-prueba-Jr\\prueba-tecnica\\vendor\\laravel\\framework\\src\\Illuminate\\Database\\Connection.php(557): Illuminate\\Database\\Connection->run('insert into \"ca...', Array, Object(Closure))
#4 C:\\Users\\theyu\\Marco-carrasco-prueba-Jr\\prueba-tecnica\\vendor\\laravel\\framework\\src\\Illuminate\\Database\\Connection.php(521): Illuminate\\Database\\Connection->statement('insert into \"ca...', Array)
#5 C:\\Users\\theyu\\Marco-carrasco-prueba-Jr\\prueba-tecnica\\vendor\\laravel\\framework\\src\\Illuminate\\Database\\Query\\Processors\\Processor.php(32): Illuminate\\Database\\Connection->insert('insert into \"ca...', Array)
#6 C:\\Users\\theyu\\Marco-carrasco-prueba-Jr\\prueba-tecnica\\vendor\\laravel\\framework\\src\\Illuminate\\Database\\Query\\Builder.php(3796): Illuminate\\Database\\Query\\Processors\\Processor->processInsertGetId(Object(Illuminate\\Database\\Query\\Builder), 'insert into \"ca...', Array, 'id')
#7 C:\\Users\\theyu\\Marco-carrasco-prueba-Jr\\prueba-tecnica\\vendor\\laravel\\framework\\src\\Illuminate\\Database\\Eloquent\\Builder.php(2205): Illuminate\\Database\\Query\\Builder->insertGetId(Array, 'id')
#8 C:\\Users\\theyu\\Marco-carrasco-prueba-Jr\\prueba-tecnica\\vendor\\laravel\\framework\\src\\Illuminate\\Database\\Eloquent\\Model.php(1431): Illuminate\\Database\\Eloquent\\Builder->__call('insertGetId', Array)
#9 C:\\Users\\theyu\\Marco-carrasco-prueba-Jr\\prueba-tecnica\\vendor\\laravel\\framework\\src\\Illuminate\\Database\\Eloquent\\Model.php(1396): Illuminate\\Database\\Eloquent\\Model->insertAndSetId(Object(Illuminate\\Database\\Eloquent\\Builder), Array)
#10 C:\\Users\\theyu\\Marco-carrasco-prueba-Jr\\prueba-tecnica\\vendor\\laravel\\framework\\src\\Illuminate\\Database\\Eloquent\\Model.php(1235): Illuminate\\Database\\Eloquent\\Model->performInsert(Object(Illuminate\\Database\\Eloquent\\Builder))
#11 C:\\Users\\theyu\\Marco-carrasco-prueba-Jr\\prueba-tecnica\\vendor\\laravel\\framework\\src\\Illuminate\\Database\\Eloquent\\Builder.php(1189): Illuminate\\Database\\Eloquent\\Model->save()
#12 C:\\Users\\theyu\\Marco-carrasco-prueba-Jr\\prueba-tecnica\\vendor\\laravel\\framework\\src\\Illuminate\\Support\\helpers.php(399): Illuminate\\Database\\Eloquent\\Builder->Illuminate\\Database\\Eloquent\\{closure}(Object(App\\Models\\Category))
#13 C:\\Users\\theyu\\Marco-carrasco-prueba-Jr\\prueba-tecnica\\vendor\\laravel\\framework\\src\\Illuminate\\Database\\Eloquent\\Builder.php(1188): tap(Object(App\\Models\\Category), Object(Closure))
#14 C:\\Users\\theyu\\Marco-carrasco-prueba-Jr\\prueba-tecnica\\vendor\\laravel\\framework\\src\\Illuminate\\Support\\Traits\\ForwardsCalls.php(23): Illuminate\\Database\\Eloquent\\Builder->create(Array)
#15 C:\\Users\\theyu\\Marco-carrasco-prueba-Jr\\prueba-tecnica\\vendor\\laravel\\framework\\src\\Illuminate\\Database\\Eloquent\\Model.php(2517): Illuminate\\Database\\Eloquent\\Model->forwardCallTo(Object(Illuminate\\Database\\Eloquent\\Builder), 'create', Array)
#16 C:\\Users\\theyu\\Marco-carrasco-prueba-Jr\\prueba-tecnica\\vendor\\laravel\\framework\\src\\Illuminate\\Database\\Eloquent\\Model.php(2533): Illuminate\\Database\\Eloquent\\Model->__call('create', Array)
#17 C:\\Users\\theyu\\Marco-carrasco-prueba-Jr\\prueba-tecnica\\database\\seeders\\CategorySeeder.php(39): Illuminate\\Database\\Eloquent\\Model::__callStatic('create', Array)
#18 C:\\Users\\theyu\\Marco-carrasco-prueba-Jr\\prueba-tecnica\\vendor\\laravel\\framework\\src\\Illuminate\\Container\\BoundMethod.php(36): Database\\Seeders\\CategorySeeder->run()
#19 C:\\Users\\theyu\\Marco-carrasco-prueba-Jr\\prueba-tecnica\\vendor\\laravel\\framework\\src\\Illuminate\\Container\\Util.php(43): Illuminate\\Container\\BoundMethod::Illuminate\\Container\\{closure}()
#20 C:\\Users\\theyu\\Marco-carrasco-prueba-Jr\\prueba-tecnica\\vendor\\laravel\\framework\\src\\Illuminate\\Container\\BoundMethod.php(96): Illuminate\\Container\\Util::unwrapIfClosure(Object(Closure))
#21 C:\\Users\\theyu\\Marco-carrasco-prueba-Jr\\prueba-tecnica\\vendor\\laravel\\framework\\src\\Illuminate\\Container\\BoundMethod.php(35): Illuminate\\Container\\BoundMethod::callBoundMethod(Object(Illuminate\\Foundation\\Application), Array, Object(Closure))
#22 C:\\Users\\theyu\\Marco-carrasco-prueba-Jr\\prueba-tecnica\\vendor\\laravel\\framework\\src\\Illuminate\\Container\\Container.php(754): Illuminate\\Container\\BoundMethod::call(Object(Illuminate\\Foundation\\Application), Array, Array, NULL)
#23 C:\\Users\\theyu\\Marco-carrasco-prueba-Jr\\prueba-tecnica\\vendor\\laravel\\framework\\src\\Illuminate\\Database\\Seeder.php(188): Illuminate\\Container\\Container->call(Array, Array)
#24 C:\\Users\\theyu\\Marco-carrasco-prueba-Jr\\prueba-tecnica\\vendor\\laravel\\framework\\src\\Illuminate\\Database\\Seeder.php(197): Illuminate\\Database\\Seeder->Illuminate\\Database\\{closure}()
#25 C:\\Users\\theyu\\Marco-carrasco-prueba-Jr\\prueba-tecnica\\vendor\\laravel\\framework\\src\\Illuminate\\Database\\Seeder.php(61): Illuminate\\Database\\Seeder->__invoke(Array)
#26 C:\\Users\\theyu\\Marco-carrasco-prueba-Jr\\prueba-tecnica\\database\\seeders\\DatabaseSeeder.php(25): Illuminate\\Database\\Seeder->call('Database\\\\Seeder...')
#27 C:\\Users\\theyu\\Marco-carrasco-prueba-Jr\\prueba-tecnica\\vendor\\laravel\\framework\\src\\Illuminate\\Container\\BoundMethod.php(36): Database\\Seeders\\DatabaseSeeder->run()
#28 C:\\Users\\theyu\\Marco-carrasco-prueba-Jr\\prueba-tecnica\\vendor\\laravel\\framework\\src\\Illuminate\\Container\\Util.php(43): Illuminate\\Container\\BoundMethod::Illuminate\\Container\\{closure}()
#29 C:\\Users\\theyu\\Marco-carrasco-prueba-Jr\\prueba-tecnica\\vendor\\laravel\\framework\\src\\Illuminate\\Container\\BoundMethod.php(96): Illuminate\\Container\\Util::unwrapIfClosure(Object(Closure))
#30 C:\\Users\\theyu\\Marco-carrasco-prueba-Jr\\prueba-tecnica\\vendor\\laravel\\framework\\src\\Illuminate\\Container\\BoundMethod.php(35): Illuminate\\Container\\BoundMethod::callBoundMethod(Object(Illuminate\\Foundation\\Application), Array, Object(Closure))
#31 C:\\Users\\theyu\\Marco-carrasco-prueba-Jr\\prueba-tecnica\\vendor\\laravel\\framework\\src\\Illuminate\\Container\\Container.php(754): Illuminate\\Container\\BoundMethod::call(Object(Illuminate\\Foundation\\Application), Array, Array, NULL)
#32 C:\\Users\\theyu\\Marco-carrasco-prueba-Jr\\prueba-tecnica\\vendor\\laravel\\framework\\src\\Illuminate\\Database\\Seeder.php(188): Illuminate\\Container\\Container->call(Array, Array)
#33 C:\\Users\\theyu\\Marco-carrasco-prueba-Jr\\prueba-tecnica\\vendor\\laravel\\framework\\src\\Illuminate\\Database\\Seeder.php(197): Illuminate\\Database\\Seeder->Illuminate\\Database\\{closure}()
#34 C:\\Users\\theyu\\Marco-carrasco-prueba-Jr\\prueba-tecnica\\vendor\\laravel\\framework\\src\\Illuminate\\Database\\Console\\Seeds\\SeedCommand.php(71): Illuminate\\Database\\Seeder->__invoke()
#35 C:\\Users\\theyu\\Marco-carrasco-prueba-Jr\\prueba-tecnica\\vendor\\laravel\\framework\\src\\Illuminate\\Database\\Eloquent\\Concerns\\GuardsAttributes.php(157): Illuminate\\Database\\Console\\Seeds\\SeedCommand->Illuminate\\Database\\Console\\Seeds\\{closure}()
#36 C:\\Users\\theyu\\Marco-carrasco-prueba-Jr\\prueba-tecnica\\vendor\\laravel\\framework\\src\\Illuminate\\Database\\Console\\Seeds\\SeedCommand.php(70): Illuminate\\Database\\Eloquent\\Model::unguarded(Object(Closure))
#37 C:\\Users\\theyu\\Marco-carrasco-prueba-Jr\\prueba-tecnica\\vendor\\laravel\\framework\\src\\Illuminate\\Container\\BoundMethod.php(36): Illuminate\\Database\\Console\\Seeds\\SeedCommand->handle()
#38 C:\\Users\\theyu\\Marco-carrasco-prueba-Jr\\prueba-tecnica\\vendor\\laravel\\framework\\src\\Illuminate\\Container\\Util.php(43): Illuminate\\Container\\BoundMethod::Illuminate\\Container\\{closure}()
#39 C:\\Users\\theyu\\Marco-carrasco-prueba-Jr\\prueba-tecnica\\vendor\\laravel\\framework\\src\\Illuminate\\Container\\BoundMethod.php(96): Illuminate\\Container\\Util::unwrapIfClosure(Object(Closure))
#40 C:\\Users\\theyu\\Marco-carrasco-prueba-Jr\\prueba-tecnica\\vendor\\laravel\\framework\\src\\Illuminate\\Container\\BoundMethod.php(35): Illuminate\\Container\\BoundMethod::callBoundMethod(Object(Illuminate\\Foundation\\Application), Array, Object(Closure))
#41 C:\\Users\\theyu\\Marco-carrasco-prueba-Jr\\prueba-tecnica\\vendor\\laravel\\framework\\src\\Illuminate\\Container\\Container.php(754): Illuminate\\Container\\BoundMethod::call(Object(Illuminate\\Foundation\\Application), Array, Array, NULL)
#42 C:\\Users\\theyu\\Marco-carrasco-prueba-Jr\\prueba-tecnica\\vendor\\laravel\\framework\\src\\Illuminate\\Console\\Command.php(211): Illuminate\\Container\\Container->call(Array)
#43 C:\\Users\\theyu\\Marco-carrasco-prueba-Jr\\prueba-tecnica\\vendor\\symfony\\console\\Command\\Command.php(318): Illuminate\\Console\\Command->execute(Object(Symfony\\Component\\Console\\Input\\ArgvInput), Object(Illuminate\\Console\\OutputStyle))
#44 C:\\Users\\theyu\\Marco-carrasco-prueba-Jr\\prueba-tecnica\\vendor\\laravel\\framework\\src\\Illuminate\\Console\\Command.php(180): Symfony\\Component\\Console\\Command\\Command->run(Object(Symfony\\Component\\Console\\Input\\ArgvInput), Object(Illuminate\\Console\\OutputStyle))
#45 C:\\Users\\theyu\\Marco-carrasco-prueba-Jr\\prueba-tecnica\\vendor\\symfony\\console\\Application.php(1092): Illuminate\\Console\\Command->run(Object(Symfony\\Component\\Console\\Input\\ArgvInput), Object(Symfony\\Component\\Console\\Output\\ConsoleOutput))
#46 C:\\Users\\theyu\\Marco-carrasco-prueba-Jr\\prueba-tecnica\\vendor\\symfony\\console\\Application.php(341): Symfony\\Component\\Console\\Application->doRunCommand(Object(Illuminate\\Database\\Console\\Seeds\\SeedCommand), Object(Symfony\\Component\\Console\\Input\\ArgvInput), Object(Symfony\\Component\\Console\\Output\\ConsoleOutput))
#47 C:\\Users\\theyu\\Marco-carrasco-prueba-Jr\\prueba-tecnica\\vendor\\symfony\\console\\Application.php(192): Symfony\\Component\\Console\\Application->doRun(Object(Symfony\\Component\\Console\\Input\\ArgvInput), Object(Symfony\\Component\\Console\\Output\\ConsoleOutput))
#48 C:\\Users\\theyu\\Marco-carrasco-prueba-Jr\\prueba-tecnica\\vendor\\laravel\\framework\\src\\Illuminate\\Foundation\\Console\\Kernel.php(197): Symfony\\Component\\Console\\Application->run(Object(Symfony\\Component\\Console\\Input\\ArgvInput), Object(Symfony\\Component\\Console\\Output\\ConsoleOutput))
#49 C:\\Users\\theyu\\Marco-carrasco-prueba-Jr\\prueba-tecnica\\vendor\\laravel\\framework\\src\\Illuminate\\Foundation\\Application.php(1234): Illuminate\\Foundation\\Console\\Kernel->handle(Object(Symfony\\Component\\Console\\Input\\ArgvInput), Object(Symfony\\Component\\Console\\Output\\ConsoleOutput))
#50 C:\\Users\\theyu\\Marco-carrasco-prueba-Jr\\prueba-tecnica\\artisan(16): Illuminate\\Foundation\\Application->handleCommand(Object(Symfony\\Component\\Console\\Input\\ArgvInput))
#51 {main}
"} 
[2025-07-18 05:40:38] local.ERROR: SQLSTATE[HY000]: General error: 1 table categories has no column named name (Connection: sqlite, SQL: insert into "categories" ("name", "description", "updated_at", "created_at") values (MotherBoards, Main printed circuit boards that connect all computer components., 2025-07-18 05:40:38, 2025-07-18 05:40:38)) {"exception":"[object] (Illuminate\\Database\\QueryException(code: HY000): SQLSTATE[HY000]: General error: 1 table categories has no column named name (Connection: sqlite, SQL: insert into \"categories\" (\"name\", \"description\", \"updated_at\", \"created_at\") values (MotherBoards, Main printed circuit boards that connect all computer components., 2025-07-18 05:40:38, 2025-07-18 05:40:38)) at C:\\Users\\theyu\\Marco-carrasco-prueba-Jr\\prueba-tecnica\\vendor\\laravel\\framework\\src\\Illuminate\\Database\\Connection.php:822)
[stacktrace]
#0 C:\\Users\\theyu\\Marco-carrasco-prueba-Jr\\prueba-tecnica\\vendor\\laravel\\framework\\src\\Illuminate\\Database\\Connection.php(776): Illuminate\\Database\\Connection->runQueryCallback('insert into \"ca...', Array, Object(Closure))
#1 C:\\Users\\theyu\\Marco-carrasco-prueba-Jr\\prueba-tecnica\\vendor\\laravel\\framework\\src\\Illuminate\\Database\\Connection.php(557): Illuminate\\Database\\Connection->run('insert into \"ca...', Array, Object(Closure))
#2 C:\\Users\\theyu\\Marco-carrasco-prueba-Jr\\prueba-tecnica\\vendor\\laravel\\framework\\src\\Illuminate\\Database\\Connection.php(521): Illuminate\\Database\\Connection->statement('insert into \"ca...', Array)
#3 C:\\Users\\theyu\\Marco-carrasco-prueba-Jr\\prueba-tecnica\\vendor\\laravel\\framework\\src\\Illuminate\\Database\\Query\\Processors\\Processor.php(32): Illuminate\\Database\\Connection->insert('insert into \"ca...', Array)
#4 C:\\Users\\theyu\\Marco-carrasco-prueba-Jr\\prueba-tecnica\\vendor\\laravel\\framework\\src\\Illuminate\\Database\\Query\\Builder.php(3796): Illuminate\\Database\\Query\\Processors\\Processor->processInsertGetId(Object(Illuminate\\Database\\Query\\Builder), 'insert into \"ca...', Array, 'id')
#5 C:\\Users\\theyu\\Marco-carrasco-prueba-Jr\\prueba-tecnica\\vendor\\laravel\\framework\\src\\Illuminate\\Database\\Eloquent\\Builder.php(2205): Illuminate\\Database\\Query\\Builder->insertGetId(Array, 'id')
#6 C:\\Users\\theyu\\Marco-carrasco-prueba-Jr\\prueba-tecnica\\vendor\\laravel\\framework\\src\\Illuminate\\Database\\Eloquent\\Model.php(1431): Illuminate\\Database\\Eloquent\\Builder->__call('insertGetId', Array)
#7 C:\\Users\\theyu\\Marco-carrasco-prueba-Jr\\prueba-tecnica\\vendor\\laravel\\framework\\src\\Illuminate\\Database\\Eloquent\\Model.php(1396): Illuminate\\Database\\Eloquent\\Model->insertAndSetId(Object(Illuminate\\Database\\Eloquent\\Builder), Array)
#8 C:\\Users\\theyu\\Marco-carrasco-prueba-Jr\\prueba-tecnica\\vendor\\laravel\\framework\\src\\Illuminate\\Database\\Eloquent\\Model.php(1235): Illuminate\\Database\\Eloquent\\Model->performInsert(Object(Illuminate\\Database\\Eloquent\\Builder))
#9 C:\\Users\\theyu\\Marco-carrasco-prueba-Jr\\prueba-tecnica\\vendor\\laravel\\framework\\src\\Illuminate\\Database\\Eloquent\\Builder.php(1189): Illuminate\\Database\\Eloquent\\Model->save()
#10 C:\\Users\\theyu\\Marco-carrasco-prueba-Jr\\prueba-tecnica\\vendor\\laravel\\framework\\src\\Illuminate\\Support\\helpers.php(399): Illuminate\\Database\\Eloquent\\Builder->Illuminate\\Database\\Eloquent\\{closure}(Object(App\\Models\\Category))
#11 C:\\Users\\theyu\\Marco-carrasco-prueba-Jr\\prueba-tecnica\\vendor\\laravel\\framework\\src\\Illuminate\\Database\\Eloquent\\Builder.php(1188): tap(Object(App\\Models\\Category), Object(Closure))
#12 C:\\Users\\theyu\\Marco-carrasco-prueba-Jr\\prueba-tecnica\\vendor\\laravel\\framework\\src\\Illuminate\\Support\\Traits\\ForwardsCalls.php(23): Illuminate\\Database\\Eloquent\\Builder->create(Array)
#13 C:\\Users\\theyu\\Marco-carrasco-prueba-Jr\\prueba-tecnica\\vendor\\laravel\\framework\\src\\Illuminate\\Database\\Eloquent\\Model.php(2517): Illuminate\\Database\\Eloquent\\Model->forwardCallTo(Object(Illuminate\\Database\\Eloquent\\Builder), 'create', Array)
#14 C:\\Users\\theyu\\Marco-carrasco-prueba-Jr\\prueba-tecnica\\vendor\\laravel\\framework\\src\\Illuminate\\Database\\Eloquent\\Model.php(2533): Illuminate\\Database\\Eloquent\\Model->__call('create', Array)
#15 C:\\Users\\theyu\\Marco-carrasco-prueba-Jr\\prueba-tecnica\\database\\seeders\\CategorySeeder.php(39): Illuminate\\Database\\Eloquent\\Model::__callStatic('create', Array)
#16 C:\\Users\\theyu\\Marco-carrasco-prueba-Jr\\prueba-tecnica\\vendor\\laravel\\framework\\src\\Illuminate\\Container\\BoundMethod.php(36): Database\\Seeders\\CategorySeeder->run()
#17 C:\\Users\\theyu\\Marco-carrasco-prueba-Jr\\prueba-tecnica\\vendor\\laravel\\framework\\src\\Illuminate\\Container\\Util.php(43): Illuminate\\Container\\BoundMethod::Illuminate\\Container\\{closure}()
#18 C:\\Users\\theyu\\Marco-carrasco-prueba-Jr\\prueba-tecnica\\vendor\\laravel\\framework\\src\\Illuminate\\Container\\BoundMethod.php(96): Illuminate\\Container\\Util::unwrapIfClosure(Object(Closure))
#19 C:\\Users\\theyu\\Marco-carrasco-prueba-Jr\\prueba-tecnica\\vendor\\laravel\\framework\\src\\Illuminate\\Container\\BoundMethod.php(35): Illuminate\\Container\\BoundMethod::callBoundMethod(Object(Illuminate\\Foundation\\Application), Array, Object(Closure))
#20 C:\\Users\\theyu\\Marco-carrasco-prueba-Jr\\prueba-tecnica\\vendor\\laravel\\framework\\src\\Illuminate\\Container\\Container.php(754): Illuminate\\Container\\BoundMethod::call(Object(Illuminate\\Foundation\\Application), Array, Array, NULL)
#21 C:\\Users\\theyu\\Marco-carrasco-prueba-Jr\\prueba-tecnica\\vendor\\laravel\\framework\\src\\Illuminate\\Database\\Seeder.php(188): Illuminate\\Container\\Container->call(Array, Array)
#22 C:\\Users\\theyu\\Marco-carrasco-prueba-Jr\\prueba-tecnica\\vendor\\laravel\\framework\\src\\Illuminate\\Database\\Seeder.php(197): Illuminate\\Database\\Seeder->Illuminate\\Database\\{closure}()
#23 C:\\Users\\theyu\\Marco-carrasco-prueba-Jr\\prueba-tecnica\\vendor\\laravel\\framework\\src\\Illuminate\\Database\\Seeder.php(61): Illuminate\\Database\\Seeder->__invoke(Array)
#24 C:\\Users\\theyu\\Marco-carrasco-prueba-Jr\\prueba-tecnica\\database\\seeders\\DatabaseSeeder.php(25): Illuminate\\Database\\Seeder->call('Database\\\\Seeder...')
#25 C:\\Users\\theyu\\Marco-carrasco-prueba-Jr\\prueba-tecnica\\vendor\\laravel\\framework\\src\\Illuminate\\Container\\BoundMethod.php(36): Database\\Seeders\\DatabaseSeeder->run()
#26 C:\\Users\\theyu\\Marco-carrasco-prueba-Jr\\prueba-tecnica\\vendor\\laravel\\framework\\src\\Illuminate\\Container\\Util.php(43): Illuminate\\Container\\BoundMethod::Illuminate\\Container\\{closure}()
#27 C:\\Users\\theyu\\Marco-carrasco-prueba-Jr\\prueba-tecnica\\vendor\\laravel\\framework\\src\\Illuminate\\Container\\BoundMethod.php(96): Illuminate\\Container\\Util::unwrapIfClosure(Object(Closure))
#28 C:\\Users\\theyu\\Marco-carrasco-prueba-Jr\\prueba-tecnica\\vendor\\laravel\\framework\\src\\Illuminate\\Container\\BoundMethod.php(35): Illuminate\\Container\\BoundMethod::callBoundMethod(Object(Illuminate\\Foundation\\Application), Array, Object(Closure))
#29 C:\\Users\\theyu\\Marco-carrasco-prueba-Jr\\prueba-tecnica\\vendor\\laravel\\framework\\src\\Illuminate\\Container\\Container.php(754): Illuminate\\Container\\BoundMethod::call(Object(Illuminate\\Foundation\\Application), Array, Array, NULL)
#30 C:\\Users\\theyu\\Marco-carrasco-prueba-Jr\\prueba-tecnica\\vendor\\laravel\\framework\\src\\Illuminate\\Database\\Seeder.php(188): Illuminate\\Container\\Container->call(Array, Array)
#31 C:\\Users\\theyu\\Marco-carrasco-prueba-Jr\\prueba-tecnica\\vendor\\laravel\\framework\\src\\Illuminate\\Database\\Seeder.php(197): Illuminate\\Database\\Seeder->Illuminate\\Database\\{closure}()
#32 C:\\Users\\theyu\\Marco-carrasco-prueba-Jr\\prueba-tecnica\\vendor\\laravel\\framework\\src\\Illuminate\\Database\\Console\\Seeds\\SeedCommand.php(71): Illuminate\\Database\\Seeder->__invoke()
#33 C:\\Users\\theyu\\Marco-carrasco-prueba-Jr\\prueba-tecnica\\vendor\\laravel\\framework\\src\\Illuminate\\Database\\Eloquent\\Concerns\\GuardsAttributes.php(157): Illuminate\\Database\\Console\\Seeds\\SeedCommand->Illuminate\\Database\\Console\\Seeds\\{closure}()
#34 C:\\Users\\theyu\\Marco-carrasco-prueba-Jr\\prueba-tecnica\\vendor\\laravel\\framework\\src\\Illuminate\\Database\\Console\\Seeds\\SeedCommand.php(70): Illuminate\\Database\\Eloquent\\Model::unguarded(Object(Closure))
#35 C:\\Users\\theyu\\Marco-carrasco-prueba-Jr\\prueba-tecnica\\vendor\\laravel\\framework\\src\\Illuminate\\Container\\BoundMethod.php(36): Illuminate\\Database\\Console\\Seeds\\SeedCommand->handle()
#36 C:\\Users\\theyu\\Marco-carrasco-prueba-Jr\\prueba-tecnica\\vendor\\laravel\\framework\\src\\Illuminate\\Container\\Util.php(43): Illuminate\\Container\\BoundMethod::Illuminate\\Container\\{closure}()
#37 C:\\Users\\theyu\\Marco-carrasco-prueba-Jr\\prueba-tecnica\\vendor\\laravel\\framework\\src\\Illuminate\\Container\\BoundMethod.php(96): Illuminate\\Container\\Util::unwrapIfClosure(Object(Closure))
#38 C:\\Users\\theyu\\Marco-carrasco-prueba-Jr\\prueba-tecnica\\vendor\\laravel\\framework\\src\\Illuminate\\Container\\BoundMethod.php(35): Illuminate\\Container\\BoundMethod::callBoundMethod(Object(Illuminate\\Foundation\\Application), Array, Object(Closure))
#39 C:\\Users\\theyu\\Marco-carrasco-prueba-Jr\\prueba-tecnica\\vendor\\laravel\\framework\\src\\Illuminate\\Container\\Container.php(754): Illuminate\\Container\\BoundMethod::call(Object(Illuminate\\Foundation\\Application), Array, Array, NULL)
#40 C:\\Users\\theyu\\Marco-carrasco-prueba-Jr\\prueba-tecnica\\vendor\\laravel\\framework\\src\\Illuminate\\Console\\Command.php(211): Illuminate\\Container\\Container->call(Array)
#41 C:\\Users\\theyu\\Marco-carrasco-prueba-Jr\\prueba-tecnica\\vendor\\symfony\\console\\Command\\Command.php(318): Illuminate\\Console\\Command->execute(Object(Symfony\\Component\\Console\\Input\\ArgvInput), Object(Illuminate\\Console\\OutputStyle))
#42 C:\\Users\\theyu\\Marco-carrasco-prueba-Jr\\prueba-tecnica\\vendor\\laravel\\framework\\src\\Illuminate\\Console\\Command.php(180): Symfony\\Component\\Console\\Command\\Command->run(Object(Symfony\\Component\\Console\\Input\\ArgvInput), Object(Illuminate\\Console\\OutputStyle))
#43 C:\\Users\\theyu\\Marco-carrasco-prueba-Jr\\prueba-tecnica\\vendor\\symfony\\console\\Application.php(1092): Illuminate\\Console\\Command->run(Object(Symfony\\Component\\Console\\Input\\ArgvInput), Object(Symfony\\Component\\Console\\Output\\ConsoleOutput))
#44 C:\\Users\\theyu\\Marco-carrasco-prueba-Jr\\prueba-tecnica\\vendor\\symfony\\console\\Application.php(341): Symfony\\Component\\Console\\Application->doRunCommand(Object(Illuminate\\Database\\Console\\Seeds\\SeedCommand), Object(Symfony\\Component\\Console\\Input\\ArgvInput), Object(Symfony\\Component\\Console\\Output\\ConsoleOutput))
#45 C:\\Users\\theyu\\Marco-carrasco-prueba-Jr\\prueba-tecnica\\vendor\\symfony\\console\\Application.php(192): Symfony\\Component\\Console\\Application->doRun(Object(Symfony\\Component\\Console\\Input\\ArgvInput), Object(Symfony\\Component\\Console\\Output\\ConsoleOutput))
#46 C:\\Users\\theyu\\Marco-carrasco-prueba-Jr\\prueba-tecnica\\vendor\\laravel\\framework\\src\\Illuminate\\Foundation\\Console\\Kernel.php(197): Symfony\\Component\\Console\\Application->run(Object(Symfony\\Component\\Console\\Input\\ArgvInput), Object(Symfony\\Component\\Console\\Output\\ConsoleOutput))
#47 C:\\Users\\theyu\\Marco-carrasco-prueba-Jr\\prueba-tecnica\\vendor\\laravel\\framework\\src\\Illuminate\\Foundation\\Application.php(1234): Illuminate\\Foundation\\Console\\Kernel->handle(Object(Symfony\\Component\\Console\\Input\\ArgvInput), Object(Symfony\\Component\\Console\\Output\\ConsoleOutput))
#48 C:\\Users\\theyu\\Marco-carrasco-prueba-Jr\\prueba-tecnica\\artisan(16): Illuminate\\Foundation\\Application->handleCommand(Object(Symfony\\Component\\Console\\Input\\ArgvInput))
#49 {main}

[previous exception] [object] (PDOException(code: HY000): SQLSTATE[HY000]: General error: 1 table categories has no column named name at C:\\Users\\theyu\\Marco-carrasco-prueba-Jr\\prueba-tecnica\\vendor\\laravel\\framework\\src\\Illuminate\\Database\\Connection.php:562)
[stacktrace]
#0 C:\\Users\\theyu\\Marco-carrasco-prueba-Jr\\prueba-tecnica\\vendor\\laravel\\framework\\src\\Illuminate\\Database\\Connection.php(562): PDO->prepare('insert into \"ca...')
#1 C:\\Users\\theyu\\Marco-carrasco-prueba-Jr\\prueba-tecnica\\vendor\\laravel\\framework\\src\\Illuminate\\Database\\Connection.php(809): Illuminate\\Database\\Connection->Illuminate\\Database\\{closure}('insert into \"ca...', Array)
#2 C:\\Users\\theyu\\Marco-carrasco-prueba-Jr\\prueba-tecnica\\vendor\\laravel\\framework\\src\\Illuminate\\Database\\Connection.php(776): Illuminate\\Database\\Connection->runQueryCallback('insert into \"ca...', Array, Object(Closure))
#3 C:\\Users\\theyu\\Marco-carrasco-prueba-Jr\\prueba-tecnica\\vendor\\laravel\\framework\\src\\Illuminate\\Database\\Connection.php(557): Illuminate\\Database\\Connection->run('insert into \"ca...', Array, Object(Closure))
#4 C:\\Users\\theyu\\Marco-carrasco-prueba-Jr\\prueba-tecnica\\vendor\\laravel\\framework\\src\\Illuminate\\Database\\Connection.php(521): Illuminate\\Database\\Connection->statement('insert into \"ca...', Array)
#5 C:\\Users\\theyu\\Marco-carrasco-prueba-Jr\\prueba-tecnica\\vendor\\laravel\\framework\\src\\Illuminate\\Database\\Query\\Processors\\Processor.php(32): Illuminate\\Database\\Connection->insert('insert into \"ca...', Array)
#6 C:\\Users\\theyu\\Marco-carrasco-prueba-Jr\\prueba-tecnica\\vendor\\laravel\\framework\\src\\Illuminate\\Database\\Query\\Builder.php(3796): Illuminate\\Database\\Query\\Processors\\Processor->processInsertGetId(Object(Illuminate\\Database\\Query\\Builder), 'insert into \"ca...', Array, 'id')
#7 C:\\Users\\theyu\\Marco-carrasco-prueba-Jr\\prueba-tecnica\\vendor\\laravel\\framework\\src\\Illuminate\\Database\\Eloquent\\Builder.php(2205): Illuminate\\Database\\Query\\Builder->insertGetId(Array, 'id')
#8 C:\\Users\\theyu\\Marco-carrasco-prueba-Jr\\prueba-tecnica\\vendor\\laravel\\framework\\src\\Illuminate\\Database\\Eloquent\\Model.php(1431): Illuminate\\Database\\Eloquent\\Builder->__call('insertGetId', Array)
#9 C:\\Users\\theyu\\Marco-carrasco-prueba-Jr\\prueba-tecnica\\vendor\\laravel\\framework\\src\\Illuminate\\Database\\Eloquent\\Model.php(1396): Illuminate\\Database\\Eloquent\\Model->insertAndSetId(Object(Illuminate\\Database\\Eloquent\\Builder), Array)
#10 C:\\Users\\theyu\\Marco-carrasco-prueba-Jr\\prueba-tecnica\\vendor\\laravel\\framework\\src\\Illuminate\\Database\\Eloquent\\Model.php(1235): Illuminate\\Database\\Eloquent\\Model->performInsert(Object(Illuminate\\Database\\Eloquent\\Builder))
#11 C:\\Users\\theyu\\Marco-carrasco-prueba-Jr\\prueba-tecnica\\vendor\\laravel\\framework\\src\\Illuminate\\Database\\Eloquent\\Builder.php(1189): Illuminate\\Database\\Eloquent\\Model->save()
#12 C:\\Users\\theyu\\Marco-carrasco-prueba-Jr\\prueba-tecnica\\vendor\\laravel\\framework\\src\\Illuminate\\Support\\helpers.php(399): Illuminate\\Database\\Eloquent\\Builder->Illuminate\\Database\\Eloquent\\{closure}(Object(App\\Models\\Category))
#13 C:\\Users\\theyu\\Marco-carrasco-prueba-Jr\\prueba-tecnica\\vendor\\laravel\\framework\\src\\Illuminate\\Database\\Eloquent\\Builder.php(1188): tap(Object(App\\Models\\Category), Object(Closure))
#14 C:\\Users\\theyu\\Marco-carrasco-prueba-Jr\\prueba-tecnica\\vendor\\laravel\\framework\\src\\Illuminate\\Support\\Traits\\ForwardsCalls.php(23): Illuminate\\Database\\Eloquent\\Builder->create(Array)
#15 C:\\Users\\theyu\\Marco-carrasco-prueba-Jr\\prueba-tecnica\\vendor\\laravel\\framework\\src\\Illuminate\\Database\\Eloquent\\Model.php(2517): Illuminate\\Database\\Eloquent\\Model->forwardCallTo(Object(Illuminate\\Database\\Eloquent\\Builder), 'create', Array)
#16 C:\\Users\\theyu\\Marco-carrasco-prueba-Jr\\prueba-tecnica\\vendor\\laravel\\framework\\src\\Illuminate\\Database\\Eloquent\\Model.php(2533): Illuminate\\Database\\Eloquent\\Model->__call('create', Array)
#17 C:\\Users\\theyu\\Marco-carrasco-prueba-Jr\\prueba-tecnica\\database\\seeders\\CategorySeeder.php(39): Illuminate\\Database\\Eloquent\\Model::__callStatic('create', Array)
#18 C:\\Users\\theyu\\Marco-carrasco-prueba-Jr\\prueba-tecnica\\vendor\\laravel\\framework\\src\\Illuminate\\Container\\BoundMethod.php(36): Database\\Seeders\\CategorySeeder->run()
#19 C:\\Users\\theyu\\Marco-carrasco-prueba-Jr\\prueba-tecnica\\vendor\\laravel\\framework\\src\\Illuminate\\Container\\Util.php(43): Illuminate\\Container\\BoundMethod::Illuminate\\Container\\{closure}()
#20 C:\\Users\\theyu\\Marco-carrasco-prueba-Jr\\prueba-tecnica\\vendor\\laravel\\framework\\src\\Illuminate\\Container\\BoundMethod.php(96): Illuminate\\Container\\Util::unwrapIfClosure(Object(Closure))
#21 C:\\Users\\theyu\\Marco-carrasco-prueba-Jr\\prueba-tecnica\\vendor\\laravel\\framework\\src\\Illuminate\\Container\\BoundMethod.php(35): Illuminate\\Container\\BoundMethod::callBoundMethod(Object(Illuminate\\Foundation\\Application), Array, Object(Closure))
#22 C:\\Users\\theyu\\Marco-carrasco-prueba-Jr\\prueba-tecnica\\vendor\\laravel\\framework\\src\\Illuminate\\Container\\Container.php(754): Illuminate\\Container\\BoundMethod::call(Object(Illuminate\\Foundation\\Application), Array, Array, NULL)
#23 C:\\Users\\theyu\\Marco-carrasco-prueba-Jr\\prueba-tecnica\\vendor\\laravel\\framework\\src\\Illuminate\\Database\\Seeder.php(188): Illuminate\\Container\\Container->call(Array, Array)
#24 C:\\Users\\theyu\\Marco-carrasco-prueba-Jr\\prueba-tecnica\\vendor\\laravel\\framework\\src\\Illuminate\\Database\\Seeder.php(197): Illuminate\\Database\\Seeder->Illuminate\\Database\\{closure}()
#25 C:\\Users\\theyu\\Marco-carrasco-prueba-Jr\\prueba-tecnica\\vendor\\laravel\\framework\\src\\Illuminate\\Database\\Seeder.php(61): Illuminate\\Database\\Seeder->__invoke(Array)
#26 C:\\Users\\theyu\\Marco-carrasco-prueba-Jr\\prueba-tecnica\\database\\seeders\\DatabaseSeeder.php(25): Illuminate\\Database\\Seeder->call('Database\\\\Seeder...')
#27 C:\\Users\\theyu\\Marco-carrasco-prueba-Jr\\prueba-tecnica\\vendor\\laravel\\framework\\src\\Illuminate\\Container\\BoundMethod.php(36): Database\\Seeders\\DatabaseSeeder->run()
#28 C:\\Users\\theyu\\Marco-carrasco-prueba-Jr\\prueba-tecnica\\vendor\\laravel\\framework\\src\\Illuminate\\Container\\Util.php(43): Illuminate\\Container\\BoundMethod::Illuminate\\Container\\{closure}()
#29 C:\\Users\\theyu\\Marco-carrasco-prueba-Jr\\prueba-tecnica\\vendor\\laravel\\framework\\src\\Illuminate\\Container\\BoundMethod.php(96): Illuminate\\Container\\Util::unwrapIfClosure(Object(Closure))
#30 C:\\Users\\theyu\\Marco-carrasco-prueba-Jr\\prueba-tecnica\\vendor\\laravel\\framework\\src\\Illuminate\\Container\\BoundMethod.php(35): Illuminate\\Container\\BoundMethod::callBoundMethod(Object(Illuminate\\Foundation\\Application), Array, Object(Closure))
#31 C:\\Users\\theyu\\Marco-carrasco-prueba-Jr\\prueba-tecnica\\vendor\\laravel\\framework\\src\\Illuminate\\Container\\Container.php(754): Illuminate\\Container\\BoundMethod::call(Object(Illuminate\\Foundation\\Application), Array, Array, NULL)
#32 C:\\Users\\theyu\\Marco-carrasco-prueba-Jr\\prueba-tecnica\\vendor\\laravel\\framework\\src\\Illuminate\\Database\\Seeder.php(188): Illuminate\\Container\\Container->call(Array, Array)
#33 C:\\Users\\theyu\\Marco-carrasco-prueba-Jr\\prueba-tecnica\\vendor\\laravel\\framework\\src\\Illuminate\\Database\\Seeder.php(197): Illuminate\\Database\\Seeder->Illuminate\\Database\\{closure}()
#34 C:\\Users\\theyu\\Marco-carrasco-prueba-Jr\\prueba-tecnica\\vendor\\laravel\\framework\\src\\Illuminate\\Database\\Console\\Seeds\\SeedCommand.php(71): Illuminate\\Database\\Seeder->__invoke()
#35 C:\\Users\\theyu\\Marco-carrasco-prueba-Jr\\prueba-tecnica\\vendor\\laravel\\framework\\src\\Illuminate\\Database\\Eloquent\\Concerns\\GuardsAttributes.php(157): Illuminate\\Database\\Console\\Seeds\\SeedCommand->Illuminate\\Database\\Console\\Seeds\\{closure}()
#36 C:\\Users\\theyu\\Marco-carrasco-prueba-Jr\\prueba-tecnica\\vendor\\laravel\\framework\\src\\Illuminate\\Database\\Console\\Seeds\\SeedCommand.php(70): Illuminate\\Database\\Eloquent\\Model::unguarded(Object(Closure))
#37 C:\\Users\\theyu\\Marco-carrasco-prueba-Jr\\prueba-tecnica\\vendor\\laravel\\framework\\src\\Illuminate\\Container\\BoundMethod.php(36): Illuminate\\Database\\Console\\Seeds\\SeedCommand->handle()
#38 C:\\Users\\theyu\\Marco-carrasco-prueba-Jr\\prueba-tecnica\\vendor\\laravel\\framework\\src\\Illuminate\\Container\\Util.php(43): Illuminate\\Container\\BoundMethod::Illuminate\\Container\\{closure}()
#39 C:\\Users\\theyu\\Marco-carrasco-prueba-Jr\\prueba-tecnica\\vendor\\laravel\\framework\\src\\Illuminate\\Container\\BoundMethod.php(96): Illuminate\\Container\\Util::unwrapIfClosure(Object(Closure))
#40 C:\\Users\\theyu\\Marco-carrasco-prueba-Jr\\prueba-tecnica\\vendor\\laravel\\framework\\src\\Illuminate\\Container\\BoundMethod.php(35): Illuminate\\Container\\BoundMethod::callBoundMethod(Object(Illuminate\\Foundation\\Application), Array, Object(Closure))
#41 C:\\Users\\theyu\\Marco-carrasco-prueba-Jr\\prueba-tecnica\\vendor\\laravel\\framework\\src\\Illuminate\\Container\\Container.php(754): Illuminate\\Container\\BoundMethod::call(Object(Illuminate\\Foundation\\Application), Array, Array, NULL)
#42 C:\\Users\\theyu\\Marco-carrasco-prueba-Jr\\prueba-tecnica\\vendor\\laravel\\framework\\src\\Illuminate\\Console\\Command.php(211): Illuminate\\Container\\Container->call(Array)
#43 C:\\Users\\theyu\\Marco-carrasco-prueba-Jr\\prueba-tecnica\\vendor\\symfony\\console\\Command\\Command.php(318): Illuminate\\Console\\Command->execute(Object(Symfony\\Component\\Console\\Input\\ArgvInput), Object(Illuminate\\Console\\OutputStyle))
#44 C:\\Users\\theyu\\Marco-carrasco-prueba-Jr\\prueba-tecnica\\vendor\\laravel\\framework\\src\\Illuminate\\Console\\Command.php(180): Symfony\\Component\\Console\\Command\\Command->run(Object(Symfony\\Component\\Console\\Input\\ArgvInput), Object(Illuminate\\Console\\OutputStyle))
#45 C:\\Users\\theyu\\Marco-carrasco-prueba-Jr\\prueba-tecnica\\vendor\\symfony\\console\\Application.php(1092): Illuminate\\Console\\Command->run(Object(Symfony\\Component\\Console\\Input\\ArgvInput), Object(Symfony\\Component\\Console\\Output\\ConsoleOutput))
#46 C:\\Users\\theyu\\Marco-carrasco-prueba-Jr\\prueba-tecnica\\vendor\\symfony\\console\\Application.php(341): Symfony\\Component\\Console\\Application->doRunCommand(Object(Illuminate\\Database\\Console\\Seeds\\SeedCommand), Object(Symfony\\Component\\Console\\Input\\ArgvInput), Object(Symfony\\Component\\Console\\Output\\ConsoleOutput))
#47 C:\\Users\\theyu\\Marco-carrasco-prueba-Jr\\prueba-tecnica\\vendor\\symfony\\console\\Application.php(192): Symfony\\Component\\Console\\Application->doRun(Object(Symfony\\Component\\Console\\Input\\ArgvInput), Object(Symfony\\Component\\Console\\Output\\ConsoleOutput))
#48 C:\\Users\\theyu\\Marco-carrasco-prueba-Jr\\prueba-tecnica\\vendor\\laravel\\framework\\src\\Illuminate\\Foundation\\Console\\Kernel.php(197): Symfony\\Component\\Console\\Application->run(Object(Symfony\\Component\\Console\\Input\\ArgvInput), Object(Symfony\\Component\\Console\\Output\\ConsoleOutput))
#49 C:\\Users\\theyu\\Marco-carrasco-prueba-Jr\\prueba-tecnica\\vendor\\laravel\\framework\\src\\Illuminate\\Foundation\\Application.php(1234): Illuminate\\Foundation\\Console\\Kernel->handle(Object(Symfony\\Component\\Console\\Input\\ArgvInput), Object(Symfony\\Component\\Console\\Output\\ConsoleOutput))
#50 C:\\Users\\theyu\\Marco-carrasco-prueba-Jr\\prueba-tecnica\\artisan(16): Illuminate\\Foundation\\Application->handleCommand(Object(Symfony\\Component\\Console\\Input\\ArgvInput))
#51 {main}
"} 
